[Architectury Transformer DEBUG] 
[Architectury Transformer DEBUG] ============================
[Architectury Transformer DEBUG] Transforming from C:\Users\shiroha\Desktop\GITHUB\RoadWeaver\common\build\devlibs\roadweaver-common-2.0.3-1.20.1-beta-dev.jar to C:\Users\shiroha\Desktop\GITHUB\RoadWeaver\common\build\libs\roadweaver-common-2.0.3-1.20.1-beta-transformProductionFabric.jar
[Architectury Transformer DEBUG] ============================
[Architectury Transformer DEBUG] 
[Architectury Transformer DEBUG] Transforming 5 transformer(s) from C:\Users\shiroha\Desktop\GITHUB\RoadWeaver\common\build\devlibs\roadweaver-common-2.0.3-1.20.1-beta-dev.jar to C:\Users\shiroha\Desktop\GITHUB\RoadWeaver\common\build\libs\roadweaver-common-2.0.3-1.20.1-beta-transformProductionFabric.jar: 
[Architectury Transformer DEBUG]  - dev.architectury.transformer.transformers.RemapMixinVariables@9caf736
[Architectury Transformer DEBUG]  - dev.architectury.transformer.transformers.TransformExpectPlatform@72326c5c
[Architectury Transformer DEBUG]  - dev.architectury.transformer.transformers.RemapInjectables@66e14635
[Architectury Transformer DEBUG]  - AddRefmapName(enabled=() -> kotlin.Boolean)
[Architectury Transformer DEBUG]  - dev.architectury.transformer.transformers.TransformPlatformOnly@46dd2376
[Architectury Transformer DEBUG] Transforming from C:\Users\shiroha\Desktop\GITHUB\RoadWeaver\common\build\devlibs\roadweaver-common-2.0.3-1.20.1-beta-dev.jar to C:\Users\shiroha\Desktop\GITHUB\RoadWeaver\common\build\libs\roadweaver-common-2.0.3-1.20.1-beta-transformProductionFabric.jar with 5 transformer(s) on dev.architectury.transformer.handler.SimpleTransformerHandler
[Architectury Transformer DEBUG] Reading mixin mappings file: C:\Users\shiroha\Desktop\GITHUB\RoadWeaver\fabric\build\loom-cache\mixin-map-loom.mappings.1_20_1.layered+hash.40359-v2.main.tiny
[Architectury Transformer DEBUG] Remapping with 1 mapping provider(s):
[Architectury Transformer DEBUG]  - dev.architectury.transformer.shadowed.impl.dev.architectury.tinyremapper.TinyUtils$$Lambda/0x000002319fee9d10@39688996
[Architectury Transformer DEBUG] Provided 59 classpath jar(s):
[Architectury Transformer DEBUG]  - C:\Users\shiroha\scoop\apps\gradle\current\.gradle\caches\modules-2\files-2.1\dev.architectury\architectury-injectables\1.0.10\62db2a366d662606d1b23ad02ccc3212ed37ec3\architectury-injectables-1.0.10.jar
[Architectury Transformer DEBUG]  - C:\Users\shiroha\scoop\apps\gradle\current\.gradle\caches\modules-2\files-2.1\net.fabricmc\fabric-loader\0.18.1\2f1cf1fa62e868562f522698cce909fa1c474d36\fabric-loader-0.18.1.jar
[Architectury Transformer DEBUG]  - C:\Users\shiroha\scoop\apps\gradle\current\.gradle\caches\modules-2\files-2.1\org.jetbrains\annotations\24.1.0\7af6a669488450c4a07c2c3254e2151df42d7d04\annotations-24.1.0.jar
[Architectury Transformer DEBUG]  - C:\Users\shiroha\scoop\apps\gradle\current\.gradle\caches\modules-2\files-2.1\net.fabricmc\tiny-mappings-parser\0.3.0+build.17\2f10540a290e382a7cd35c16ec3900046a4e252\tiny-mappings-parser-0.3.0+build.17.jar
[Architectury Transformer DEBUG]  - C:\Users\shiroha\scoop\apps\gradle\current\.gradle\caches\modules-2\files-2.1\net.fabricmc\sponge-mixin\0.12.5+mixin.0.8.5\8d31fb97c3e0cd7c8dad3441851c523bcfae6d8e\sponge-mixin-0.12.5+mixin.0.8.5.jar
[Architectury Transformer DEBUG]  - C:\Users\shiroha\scoop\apps\gradle\current\.gradle\caches\modules-2\files-2.1\net.fabricmc\tiny-remapper\0.8.2\2cc6565989469ec38893bfb7802b31c0d0d11ea0\tiny-remapper-0.8.2.jar
[Architectury Transformer DEBUG]  - C:\Users\shiroha\scoop\apps\gradle\current\.gradle\caches\modules-2\files-2.1\net.fabricmc\access-widener\2.1.0\f62a27adbfd8ab4d4fa5681793039f2c0b177155\access-widener-2.1.0.jar
[Architectury Transformer DEBUG]  - C:\Users\shiroha\scoop\apps\gradle\current\.gradle\caches\modules-2\files-2.1\org.ow2.asm\asm\9.5\dc6ea1875f4d64fbc85e1691c95b96a3d8569c90\asm-9.5.jar
[Architectury Transformer DEBUG]  - C:\Users\shiroha\scoop\apps\gradle\current\.gradle\caches\modules-2\files-2.1\org.ow2.asm\asm-analysis\9.5\490bacc77de7cbc0be1a30bb3471072d705be4a4\asm-analysis-9.5.jar
[Architectury Transformer DEBUG]  - C:\Users\shiroha\scoop\apps\gradle\current\.gradle\caches\modules-2\files-2.1\org.ow2.asm\asm-commons\9.5\19ab5b5800a3910d30d3a3e64fdb00fd0cb42de0\asm-commons-9.5.jar
[Architectury Transformer DEBUG]  - C:\Users\shiroha\scoop\apps\gradle\current\.gradle\caches\modules-2\files-2.1\org.ow2.asm\asm-tree\9.5\fd33c8b6373abaa675be407082fdfda35021254a\asm-tree-9.5.jar
[Architectury Transformer DEBUG]  - C:\Users\shiroha\scoop\apps\gradle\current\.gradle\caches\modules-2\files-2.1\org.ow2.asm\asm-util\9.5\64b5a1fc8c1b15ed2efd6a063e976bc8d3dc5ffe\asm-util-9.5.jar
[Architectury Transformer DEBUG]  - C:\Users\shiroha\scoop\apps\gradle\current\.gradle\caches\modules-2\files-2.1\com.github.oshi\oshi-core\6.2.2\54f5efc19bca95d709d9a37d19ffcbba3d21c1a6\oshi-core-6.2.2.jar
[Architectury Transformer DEBUG]  - C:\Users\shiroha\scoop\apps\gradle\current\.gradle\caches\modules-2\files-2.1\com.google.code.gson\gson\2.10\dd9b193aef96e973d5a11ab13cd17430c2e4306b\gson-2.10.jar
[Architectury Transformer DEBUG]  - C:\Users\shiroha\scoop\apps\gradle\current\.gradle\caches\modules-2\files-2.1\com.google.guava\failureaccess\1.0.1\1dcf1de382a0bf95a3d8b0849546c88bac1292c9\failureaccess-1.0.1.jar
[Architectury Transformer DEBUG]  - C:\Users\shiroha\scoop\apps\gradle\current\.gradle\caches\modules-2\files-2.1\com.google.guava\guava\31.1-jre\60458f877d055d0c9114d9e1a2efb737b4bc282c\guava-31.1-jre.jar
[Architectury Transformer DEBUG]  - C:\Users\shiroha\scoop\apps\gradle\current\.gradle\caches\modules-2\files-2.1\com.ibm.icu\icu4j\71.1\9e7d3304c23f9ba5cb71915f7cce23231a57a445\icu4j-71.1.jar
[Architectury Transformer DEBUG]  - C:\Users\shiroha\scoop\apps\gradle\current\.gradle\caches\modules-2\files-2.1\com.mojang\authlib\4.0.43\2ff9d747a77570a07a60d32ac77eb6162ad2a2d9\authlib-4.0.43.jar
[Architectury Transformer DEBUG]  - C:\Users\shiroha\scoop\apps\gradle\current\.gradle\caches\modules-2\files-2.1\com.mojang\blocklist\1.0.10\5c685c5ffa94c4cd39496c7184c1d122e515ecef\blocklist-1.0.10.jar
[Architectury Transformer DEBUG]  - C:\Users\shiroha\scoop\apps\gradle\current\.gradle\caches\modules-2\files-2.1\com.mojang\brigadier\1.1.8\5244ce82c3337bba4a196a3ce858bfaecc74404a\brigadier-1.1.8.jar
[Architectury Transformer DEBUG]  - C:\Users\shiroha\scoop\apps\gradle\current\.gradle\caches\modules-2\files-2.1\com.mojang\datafixerupper\6.0.8\3ba4a30557a9b057760af4011f909ba619fc5125\datafixerupper-6.0.8.jar
[Architectury Transformer DEBUG]  - C:\Users\shiroha\scoop\apps\gradle\current\.gradle\caches\modules-2\files-2.1\com.mojang\logging\1.1.1\832b8e6674a9b325a5175a3a6267dfaf34c85139\logging-1.1.1.jar
[Architectury Transformer DEBUG]  - C:\Users\shiroha\scoop\apps\gradle\current\.gradle\caches\modules-2\files-2.1\com.mojang\patchy\2.2.10\da05971b07cbb379d002cf7eaec6a2048211fefc\patchy-2.2.10.jar
[Architectury Transformer DEBUG]  - C:\Users\shiroha\scoop\apps\gradle\current\.gradle\caches\modules-2\files-2.1\com.mojang\text2speech\1.17.9\3cad216e3a7f0c19b4b394388bc9ffc446f13b14\text2speech-1.17.9.jar
[Architectury Transformer DEBUG]  - C:\Users\shiroha\scoop\apps\gradle\current\.gradle\caches\modules-2\files-2.1\commons-codec\commons-codec\1.15\49d94806b6e3dc933dacbd8acb0fdbab8ebd1e5d\commons-codec-1.15.jar
[Architectury Transformer DEBUG]  - C:\Users\shiroha\scoop\apps\gradle\current\.gradle\caches\modules-2\files-2.1\commons-io\commons-io\2.11.0\a2503f302b11ebde7ebc3df41daebe0e4eea3689\commons-io-2.11.0.jar
[Architectury Transformer DEBUG]  - C:\Users\shiroha\scoop\apps\gradle\current\.gradle\caches\modules-2\files-2.1\commons-logging\commons-logging\1.2\4bfc12adfe4842bf07b657f0369c4cb522955686\commons-logging-1.2.jar
[Architectury Transformer DEBUG]  - C:\Users\shiroha\scoop\apps\gradle\current\.gradle\caches\modules-2\files-2.1\io.netty\netty-buffer\4.1.82.Final\a544270cf1ae8b8077082f5036436a9a9971ea71\netty-buffer-4.1.82.Final.jar
[Architectury Transformer DEBUG]  - C:\Users\shiroha\scoop\apps\gradle\current\.gradle\caches\modules-2\files-2.1\io.netty\netty-codec\4.1.82.Final\b77200379acb345a9ffdece1c605e591ac3e4e0a\netty-codec-4.1.82.Final.jar
[Architectury Transformer DEBUG]  - C:\Users\shiroha\scoop\apps\gradle\current\.gradle\caches\modules-2\files-2.1\io.netty\netty-common\4.1.82.Final\22d148e85c3f5ebdacc0ce1f5aabb1d420f73f3\netty-common-4.1.82.Final.jar
[Architectury Transformer DEBUG]  - C:\Users\shiroha\scoop\apps\gradle\current\.gradle\caches\modules-2\files-2.1\io.netty\netty-handler\4.1.82.Final\644041d1fa96a5d3130a29e8978630d716d76e38\netty-handler-4.1.82.Final.jar
[Architectury Transformer DEBUG]  - C:\Users\shiroha\scoop\apps\gradle\current\.gradle\caches\modules-2\files-2.1\io.netty\netty-resolver\4.1.82.Final\38f665ae8dcd29032eea31245ba7806bed2e0fa8\netty-resolver-4.1.82.Final.jar
[Architectury Transformer DEBUG]  - C:\Users\shiroha\scoop\apps\gradle\current\.gradle\caches\modules-2\files-2.1\io.netty\netty-transport-classes-epoll\4.1.82.Final\e7c7dd18deac93105797f30057c912651ea76521\netty-transport-classes-epoll-4.1.82.Final.jar
[Architectury Transformer DEBUG]  - C:\Users\shiroha\scoop\apps\gradle\current\.gradle\caches\modules-2\files-2.1\io.netty\netty-transport-native-unix-common\4.1.82.Final\3e895b35ca1b8a0eca56cacff4c2dde5d2c6abce\netty-transport-native-unix-common-4.1.82.Final.jar
[Architectury Transformer DEBUG]  - C:\Users\shiroha\scoop\apps\gradle\current\.gradle\caches\modules-2\files-2.1\io.netty\netty-transport\4.1.82.Final\e431a218d91acb6476ccad5f5aafde50aa3945ca\netty-transport-4.1.82.Final.jar
[Architectury Transformer DEBUG]  - C:\Users\shiroha\scoop\apps\gradle\current\.gradle\caches\modules-2\files-2.1\it.unimi.dsi\fastutil\8.5.9\bb7ea75ecdb216654237830b3a96d87ad91f8cc5\fastutil-8.5.9.jar
[Architectury Transformer DEBUG]  - C:\Users\shiroha\scoop\apps\gradle\current\.gradle\caches\modules-2\files-2.1\net.java.dev.jna\jna-platform\5.12.1\97406a297c852f4a41e688a176ec675f72e8329\jna-platform-5.12.1.jar
[Architectury Transformer DEBUG]  - C:\Users\shiroha\scoop\apps\gradle\current\.gradle\caches\modules-2\files-2.1\net.java.dev.jna\jna\5.12.1\b1e93a735caea94f503e95e6fe79bf9cdc1e985d\jna-5.12.1.jar
[Architectury Transformer DEBUG]  - C:\Users\shiroha\scoop\apps\gradle\current\.gradle\caches\modules-2\files-2.1\net.sf.jopt-simple\jopt-simple\5.0.4\4fdac2fbe92dfad86aa6e9301736f6b4342a3f5c\jopt-simple-5.0.4.jar
[Architectury Transformer DEBUG]  - C:\Users\shiroha\scoop\apps\gradle\current\.gradle\caches\modules-2\files-2.1\org.apache.commons\commons-compress\1.21\4ec95b60d4e86b5c95a0e919cb172a0af98011ef\commons-compress-1.21.jar
[Architectury Transformer DEBUG]  - C:\Users\shiroha\scoop\apps\gradle\current\.gradle\caches\modules-2\files-2.1\org.apache.commons\commons-lang3\3.12.0\c6842c86792ff03b9f1d1fe2aab8dc23aa6c6f0e\commons-lang3-3.12.0.jar
[Architectury Transformer DEBUG]  - C:\Users\shiroha\scoop\apps\gradle\current\.gradle\caches\modules-2\files-2.1\org.apache.httpcomponents\httpclient\4.5.13\e5f6cae5ca7ecaac1ec2827a9e2d65ae2869cada\httpclient-4.5.13.jar
[Architectury Transformer DEBUG]  - C:\Users\shiroha\scoop\apps\gradle\current\.gradle\caches\modules-2\files-2.1\org.apache.httpcomponents\httpcore\4.4.15\7f2e0c573eaa7a74bac2e89b359e1f73d92a0a1d\httpcore-4.4.15.jar
[Architectury Transformer DEBUG]  - C:\Users\shiroha\scoop\apps\gradle\current\.gradle\caches\modules-2\files-2.1\org.apache.logging.log4j\log4j-api\2.19.0\ea1b37f38c327596b216542bc636cfdc0b8036fa\log4j-api-2.19.0.jar
[Architectury Transformer DEBUG]  - C:\Users\shiroha\scoop\apps\gradle\current\.gradle\caches\modules-2\files-2.1\org.apache.logging.log4j\log4j-core\2.19.0\3b6eeb4de4c49c0fe38a4ee27188ff5fee44d0bb\log4j-core-2.19.0.jar
[Architectury Transformer DEBUG]  - C:\Users\shiroha\scoop\apps\gradle\current\.gradle\caches\modules-2\files-2.1\org.apache.logging.log4j\log4j-slf4j2-impl\2.19.0\5c04bfdd63ce9dceb2e284b81e96b6a70010ee10\log4j-slf4j2-impl-2.19.0.jar
[Architectury Transformer DEBUG]  - C:\Users\shiroha\scoop\apps\gradle\current\.gradle\caches\modules-2\files-2.1\org.joml\joml\1.10.5\22566d58af70ad3d72308bab63b8339906deb649\joml-1.10.5.jar
[Architectury Transformer DEBUG]  - C:\Users\shiroha\scoop\apps\gradle\current\.gradle\caches\modules-2\files-2.1\org.lwjgl\lwjgl-glfw\3.3.1\cbac1b8d30cb4795149c1ef540f912671a8616d0\lwjgl-glfw-3.3.1.jar
[Architectury Transformer DEBUG]  - C:\Users\shiroha\scoop\apps\gradle\current\.gradle\caches\modules-2\files-2.1\org.lwjgl\lwjgl-jemalloc\3.3.1\a817bcf213db49f710603677457567c37d53e103\lwjgl-jemalloc-3.3.1.jar
[Architectury Transformer DEBUG]  - C:\Users\shiroha\scoop\apps\gradle\current\.gradle\caches\modules-2\files-2.1\org.lwjgl\lwjgl-openal\3.3.1\2623a6b8ae1dfcd880738656a9f0243d2e6840bd\lwjgl-openal-3.3.1.jar
[Architectury Transformer DEBUG]  - C:\Users\shiroha\scoop\apps\gradle\current\.gradle\caches\modules-2\files-2.1\org.lwjgl\lwjgl-opengl\3.3.1\831a5533a21a5f4f81bbc51bb13e9899319b5411\lwjgl-opengl-3.3.1.jar
[Architectury Transformer DEBUG]  - C:\Users\shiroha\scoop\apps\gradle\current\.gradle\caches\modules-2\files-2.1\org.lwjgl\lwjgl-stb\3.3.1\b119297cf8ed01f247abe8685857f8e7fcf5980f\lwjgl-stb-3.3.1.jar
[Architectury Transformer DEBUG]  - C:\Users\shiroha\scoop\apps\gradle\current\.gradle\caches\modules-2\files-2.1\org.lwjgl\lwjgl-tinyfd\3.3.1\ff1914111ef2e3e0110ef2dabc8d8cdaad82347\lwjgl-tinyfd-3.3.1.jar
[Architectury Transformer DEBUG]  - C:\Users\shiroha\scoop\apps\gradle\current\.gradle\caches\modules-2\files-2.1\org.lwjgl\lwjgl\3.3.1\ae58664f88e18a9bb2c77b063833ca7aaec484cb\lwjgl-3.3.1.jar
[Architectury Transformer DEBUG]  - C:\Users\shiroha\scoop\apps\gradle\current\.gradle\caches\modules-2\files-2.1\org.slf4j\slf4j-api\2.0.1\f48d81adce2abf5ad3cfe463df517952749e03bc\slf4j-api-2.0.1.jar
[Architectury Transformer DEBUG]  - C:\Users\shiroha\Desktop\GITHUB\RoadWeaver\.gradle\loom-cache\minecraftMaven\net\minecraft\minecraft-merged-3760f957dc\1.20.1-loom.mappings.1_20_1.layered+hash.40359-v2\minecraft-merged-3760f957dc-1.20.1-loom.mappings.1_20_1.layered+hash.40359-v2.jar
[Architectury Transformer DEBUG]  - C:\Users\shiroha\scoop\apps\gradle\current\.gradle\caches\modules-2\files-2.1\io.netty\netty-transport-native-epoll\4.1.82.Final\c7350a71920f3ae9142945e25fed4846cce53374\netty-transport-native-epoll-4.1.82.Final-linux-x86_64.jar
[Architectury Transformer DEBUG]  - C:\Users\shiroha\scoop\apps\gradle\current\.gradle\caches\modules-2\files-2.1\io.netty\netty-transport-native-epoll\4.1.82.Final\476409d6255001ca53a55f65b01c13822f8dc93a\netty-transport-native-epoll-4.1.82.Final-linux-aarch_64.jar
[Architectury Transformer DEBUG]  - C:\Users\shiroha\Desktop\GITHUB\RoadWeaver\.gradle\loom-cache\remapped_mods\loom_mappings_1_20_1_layered_hash_40359_v2\dev\architectury\architectury\9.2.14\architectury-9.2.14.jar
[Architectury Transformer] Read classpath in 1.076 s
[Architectury Transformer DEBUG] Remapping Classes:
[Architectury Transformer DEBUG] Found class transformer
[Architectury Transformer DEBUG] Writing net/shiroha233/roadweaver/util/ComputeService with maxs=true frames=true
[Architectury Transformer DEBUG] Writing net/shiroha233/roadweaver/structures/StructureSystem with maxs=true frames=true
[Architectury Transformer DEBUG] Writing net/shiroha233/roadweaver/structures/spawn/SpawnCabinService with maxs=true frames=true
[Architectury Transformer DEBUG] Writing net/shiroha233/roadweaver/structures/spawn/SpawnCabinService$StructureBlueprints with maxs=true frames=true
[Architectury Transformer DEBUG] Writing net/shiroha233/roadweaver/structures/pipeline/StructurePlacer with maxs=true frames=true
[Architectury Transformer DEBUG] Writing net/shiroha233/roadweaver/structures/pipeline/StructurePlacer$1 with maxs=true frames=true
[Architectury Transformer DEBUG] Writing net/shiroha233/roadweaver/structures/model/StructureInstance with maxs=true frames=true
[Architectury Transformer DEBUG] Writing net/shiroha233/roadweaver/structures/interop/RoadInteropBridge with maxs=true frames=true
[Architectury Transformer DEBUG] Writing net/shiroha233/roadweaver/structures/index/ChunkStructureIndex with maxs=true frames=true
[Architectury Transformer DEBUG] Writing net/shiroha233/roadweaver/structures/index/StructureIndexRestorer with maxs=true frames=true
[Architectury Transformer DEBUG] Writing net/shiroha233/roadweaver/structures/index/StructureIndex with maxs=true frames=true
[Architectury Transformer DEBUG] Writing net/shiroha233/roadweaver/structures/blend/BlendPlan with maxs=true frames=true
[Architectury Transformer DEBUG] Writing net/shiroha233/roadweaver/structures/blend/TerrainBlender with maxs=true frames=true
[Architectury Transformer DEBUG] Writing net/shiroha233/roadweaver/structures/api/StructureConnector with maxs=true frames=true
[Architectury Transformer DEBUG] Writing net/shiroha233/roadweaver/structures/api/StructureBlueprint with maxs=true frames=true
[Architectury Transformer DEBUG] Writing net/shiroha233/roadweaver/structures/api/StructureVariant with maxs=true frames=true
[Architectury Transformer DEBUG] Writing net/shiroha233/roadweaver/structures/api/SpawnRule with maxs=true frames=true
[Architectury Transformer DEBUG] Writing net/shiroha233/roadweaver/structures/api/FoundationType with maxs=true frames=true
[Architectury Transformer DEBUG] Writing net/shiroha233/roadweaver/structures/api/BlendProfile with maxs=true frames=true
[Architectury Transformer DEBUG] Writing net/shiroha233/roadweaver/search/StructurePredictor with maxs=true frames=true
[Architectury Transformer DEBUG] Writing net/shiroha233/roadweaver/search/StructureVerificationService with maxs=true frames=true
[Architectury Transformer DEBUG] Writing net/shiroha233/roadweaver/search/StructurePredictor$Filters with maxs=true frames=true
[Architectury Transformer DEBUG] Writing net/shiroha233/roadweaver/runtime/ThreadPoolManager with maxs=true frames=true
[Architectury Transformer DEBUG] Writing net/shiroha233/roadweaver/planning/KNNPlanner$1Pair with maxs=true frames=true
[Architectury Transformer DEBUG] Writing net/shiroha233/roadweaver/planning/KNNPlanner$1 with maxs=true frames=true
[Architectury Transformer DEBUG] Writing net/shiroha233/roadweaver/planning/KNNPlanner with maxs=true frames=true
[Architectury Transformer DEBUG] Writing net/shiroha233/roadweaver/planning/DelaunayPlanner$Bounds with maxs=true frames=true
[Architectury Transformer DEBUG] Writing net/shiroha233/roadweaver/planning/DelaunayPlanner$Edge with maxs=true frames=true
[Architectury Transformer DEBUG] Writing net/shiroha233/roadweaver/planning/PlanningUtils with maxs=true frames=true
[Architectury Transformer DEBUG] Writing net/shiroha233/roadweaver/planning/RNGPlanner with maxs=true frames=true
[Architectury Transformer DEBUG] Writing net/shiroha233/roadweaver/planning/RoadPlanningService with maxs=true frames=true
[Architectury Transformer DEBUG] Writing net/shiroha233/roadweaver/planning/DelaunayPlanner with maxs=true frames=true
[Architectury Transformer DEBUG] Writing net/shiroha233/roadweaver/planning/DelaunayPlanner$Tri with maxs=true frames=true
[Architectury Transformer DEBUG] Writing net/shiroha233/roadweaver/planning/DelaunayPlanner$Vertex with maxs=true frames=true
[Architectury Transformer DEBUG] Writing net/shiroha233/roadweaver/planning/KNNPlanner$Neighbor with maxs=true frames=true
[Architectury Transformer DEBUG] Writing net/shiroha233/roadweaver/persistence/WorldDataProvider with maxs=true frames=true
[Architectury Transformer DEBUG] Writing net/shiroha233/roadweaver/persistence/sharded/RoadShardStorage$1 with maxs=true frames=true
[Architectury Transformer DEBUG] Writing net/shiroha233/roadweaver/persistence/sharded/RoadShardStorage$Shard with maxs=true frames=true
[Architectury Transformer DEBUG] Writing net/shiroha233/roadweaver/persistence/sharded/RoadShardStorage with maxs=true frames=true
[Architectury Transformer DEBUG] Writing net/shiroha233/roadweaver/network/ClientNetBridge with maxs=true frames=true
[Architectury Transformer DEBUG] Writing net/shiroha233/roadweaver/network/MapSnapshotCodec with maxs=true frames=true
[Architectury Transformer DEBUG] Writing net/shiroha233/roadweaver/helpers/Records$RoadData with maxs=true frames=true
[Architectury Transformer DEBUG] Writing net/shiroha233/roadweaver/helpers/Records$RoadSpan with maxs=true frames=true
[Architectury Transformer DEBUG] Writing net/shiroha233/roadweaver/helpers/Records$ConnectionStatus with maxs=true frames=true
[Architectury Transformer DEBUG] Writing net/shiroha233/roadweaver/helpers/Records$RoadSegmentPlacement with maxs=true frames=true
[Architectury Transformer DEBUG] Writing net/shiroha233/roadweaver/helpers/StructureConnector with maxs=true frames=true
[Architectury Transformer DEBUG] Writing net/shiroha233/roadweaver/helpers/Records$SpanType with maxs=true frames=true
[Architectury Transformer DEBUG] Writing net/shiroha233/roadweaver/helpers/Records$StructureLocationData with maxs=true frames=true
[Architectury Transformer DEBUG] Writing net/shiroha233/roadweaver/helpers/Records with maxs=true frames=true
[Architectury Transformer DEBUG] Writing net/shiroha233/roadweaver/helpers/Records$StructureInfo with maxs=true frames=true
[Architectury Transformer DEBUG] Writing net/shiroha233/roadweaver/helpers/Records$WoodAssets with maxs=true frames=true
[Architectury Transformer DEBUG] Writing net/shiroha233/roadweaver/helpers/Records$StructureConnection with maxs=true frames=true
[Architectury Transformer DEBUG] Writing net/shiroha233/roadweaver/generation/RoadGenerationService with maxs=true frames=true
[Architectury Transformer DEBUG] Writing net/shiroha233/roadweaver/generation/InitialGenManager with maxs=true frames=true
[Architectury Transformer DEBUG] Writing net/shiroha233/roadweaver/generation/InitialGenManager$1 with maxs=true frames=true
[Architectury Transformer DEBUG] Writing net/shiroha233/roadweaver/features/RoadFeature with maxs=true frames=true
[Architectury Transformer DEBUG] Writing net/shiroha233/roadweaver/features/roadlogic/surface/HeightProfileService$HeightProfile with maxs=true frames=true
[Architectury Transformer DEBUG] Writing net/shiroha233/roadweaver/features/roadlogic/surface/HeightProfileService with maxs=true frames=true
[Architectury Transformer DEBUG] Writing net/shiroha233/roadweaver/features/roadlogic/surface/BridgeTransitionAdjuster with maxs=true frames=true
[Architectury Transformer DEBUG] Writing net/shiroha233/roadweaver/features/roadlogic/pathfinding/PathPostProcessor with maxs=true frames=true
[Architectury Transformer DEBUG] Writing net/shiroha233/roadweaver/features/roadlogic/pathfinding/BasicAStarPathfinder with maxs=true frames=true
[Architectury Transformer DEBUG] Writing net/shiroha233/roadweaver/features/roadlogic/pathfinding/TerrainSamplingCache with maxs=true frames=true
[Architectury Transformer DEBUG] Writing net/shiroha233/roadweaver/features/roadlogic/pathfinding/BidirectionalAStarPathfinder$Node with maxs=true frames=true
[Architectury Transformer DEBUG] Writing net/shiroha233/roadweaver/features/roadlogic/pathfinding/RoadPathCalculator with maxs=true frames=true
[Architectury Transformer DEBUG] Writing net/shiroha233/roadweaver/features/roadlogic/pathfinding/GradientDescentPathfinder with maxs=true frames=true
[Architectury Transformer DEBUG] Writing net/shiroha233/roadweaver/features/roadlogic/pathfinding/GradientDescentPathfinder$Node with maxs=true frames=true
[Architectury Transformer DEBUG] Writing net/shiroha233/roadweaver/features/roadlogic/pathfinding/BasicAStarPathfinder$Node with maxs=true frames=true
[Architectury Transformer DEBUG] Writing net/shiroha233/roadweaver/features/roadlogic/pathfinding/BidirectionalAStarPathfinder with maxs=true frames=true
[Architectury Transformer DEBUG] Writing net/shiroha233/roadweaver/features/roadlogic/pathfinding/PathPostProcessor$Vec2d with maxs=true frames=true
[Architectury Transformer DEBUG] Writing net/shiroha233/roadweaver/features/roadlogic/pathfinding/BidirectionalAStarPathfinder$Meet with maxs=true frames=true
[Architectury Transformer DEBUG] Writing net/shiroha233/roadweaver/features/roadlogic/core/Road with maxs=true frames=true
[Architectury Transformer DEBUG] Writing net/shiroha233/roadweaver/features/roadlogic/core/SegmentPaver with maxs=true frames=true
[Architectury Transformer DEBUG] Writing net/shiroha233/roadweaver/features/roadlogic/core/RoadDirection with maxs=true frames=true
[Architectury Transformer DEBUG] Writing net/shiroha233/roadweaver/features/roadlogic/bridge/BridgeRangeCalculator$RangeResult with maxs=true frames=true
[Architectury Transformer DEBUG] Writing net/shiroha233/roadweaver/features/roadlogic/bridge/BridgeSegmentPlanner with maxs=true frames=true
[Architectury Transformer DEBUG] Writing net/shiroha233/roadweaver/features/roadlogic/bridge/BridgeRangeCalculator with maxs=true frames=true
[Architectury Transformer DEBUG] Writing net/shiroha233/roadweaver/features/roadlogic/bridge/BridgeSegmentPlanner$Context with maxs=true frames=true
[Architectury Transformer DEBUG] Writing net/shiroha233/roadweaver/features/decoration/types/FenceWaypointDecoration with maxs=true frames=true
[Architectury Transformer DEBUG] Writing net/shiroha233/roadweaver/features/decoration/types/LanternPostDecoration with maxs=true frames=true
[Architectury Transformer DEBUG] Writing net/shiroha233/roadweaver/features/decoration/types/DistanceSignDecoration with maxs=true frames=true
[Architectury Transformer DEBUG] Writing net/shiroha233/roadweaver/features/decoration/types/LamppostDecoration with maxs=true frames=true
[Architectury Transformer DEBUG] Writing net/shiroha233/roadweaver/features/decoration/text/SignTextService with maxs=true frames=true
[Architectury Transformer DEBUG] Writing net/shiroha233/roadweaver/features/decoration/system/DecorationExecutor with maxs=true frames=true
[Architectury Transformer DEBUG] Writing net/shiroha233/roadweaver/features/decoration/system/ArtificialDecorationSystem with maxs=true frames=true
[Architectury Transformer DEBUG] Writing net/shiroha233/roadweaver/features/decoration/system/DecorationPlanner$Mode with maxs=true frames=true
[Architectury Transformer DEBUG] Writing net/shiroha233/roadweaver/features/decoration/system/AboveColumnClearer with maxs=true frames=true
[Architectury Transformer DEBUG] Writing net/shiroha233/roadweaver/features/decoration/system/RoadBlockPlacer with maxs=true frames=true
[Architectury Transformer DEBUG] Writing net/shiroha233/roadweaver/features/decoration/system/NaturalDecorationSystem with maxs=true frames=true
[Architectury Transformer DEBUG] Writing net/shiroha233/roadweaver/features/decoration/system/DecorationPlanner with maxs=true frames=true
[Architectury Transformer DEBUG] Writing net/shiroha233/roadweaver/features/decoration/system/SurfacePlacementUtil with maxs=true frames=true
[Architectury Transformer DEBUG] Writing net/shiroha233/roadweaver/features/decoration/system/TreeRemovalUtil with maxs=true frames=true
[Architectury Transformer DEBUG] Writing net/shiroha233/roadweaver/features/decoration/system/PlacementRules with maxs=true frames=true
[Architectury Transformer DEBUG] Writing net/shiroha233/roadweaver/features/decoration/material/wood/WoodTrapdoorMapper with maxs=true frames=true
[Architectury Transformer DEBUG] Writing net/shiroha233/roadweaver/features/decoration/material/wood/BiomeWoodAware with maxs=true frames=true
[Architectury Transformer DEBUG] Writing net/shiroha233/roadweaver/features/decoration/material/wood/WoodSelector with maxs=true frames=true
[Architectury Transformer DEBUG] Writing net/shiroha233/roadweaver/features/decoration/material/surface/BiomeRoadMaterialSelector with maxs=true frames=true
[Architectury Transformer DEBUG] Writing net/shiroha233/roadweaver/features/decoration/compat/RoadFeatureCompat with maxs=true frames=true
[Architectury Transformer DEBUG] Writing net/shiroha233/roadweaver/features/decoration/base/OrientedDecoration with maxs=true frames=true
[Architectury Transformer DEBUG] Writing net/shiroha233/roadweaver/features/decoration/base/OrientedDecoration$DirectionProperties with maxs=true frames=true
[Architectury Transformer DEBUG] Writing net/shiroha233/roadweaver/features/decoration/base/Decoration with maxs=true frames=true
[Architectury Transformer DEBUG] Writing net/shiroha233/roadweaver/features/config/RoadFeatureConfig with maxs=true frames=true
[Architectury Transformer DEBUG] Writing net/shiroha233/roadweaver/features/bridge/BridgeBuilder with maxs=true frames=true
[Architectury Transformer DEBUG] Writing net/shiroha233/roadweaver/config/ModConfig with maxs=true frames=true
[Architectury Transformer DEBUG] Writing net/shiroha233/roadweaver/config/ConfigService with maxs=true frames=true
[Architectury Transformer DEBUG] Writing net/shiroha233/roadweaver/config/ModConfig$PlanningAlgorithm with maxs=true frames=true
[Architectury Transformer DEBUG] Writing net/shiroha233/roadweaver/config/PresetService$PresetFile with maxs=true frames=true
[Architectury Transformer DEBUG] Writing net/shiroha233/roadweaver/config/PresetService with maxs=true frames=true
[Architectury Transformer DEBUG] Writing net/shiroha233/roadweaver/config/PresetConfig with maxs=true frames=true
[Architectury Transformer DEBUG] Writing net/shiroha233/roadweaver/config/ModConfig$PathfindingAlgorithm with maxs=true frames=true
[Architectury Transformer DEBUG] Writing net/shiroha233/roadweaver/config/PresetService$PresetDef with maxs=true frames=true
[Architectury Transformer DEBUG] Writing net/shiroha233/roadweaver/client/ConfigScreenFactory with maxs=true frames=true
[Architectury Transformer DEBUG] Writing net/shiroha233/roadweaver/client/tips/LoadingTipsRenderer with maxs=true frames=true
[Architectury Transformer DEBUG] Writing net/shiroha233/roadweaver/client/map/MapDataCollector with maxs=true frames=true
[Architectury Transformer DEBUG] Writing net/shiroha233/roadweaver/client/map/MapRenderers with maxs=true frames=true
[Architectury Transformer DEBUG] Writing net/shiroha233/roadweaver/client/map/GridRenderer with maxs=true frames=true
[Architectury Transformer DEBUG] Writing net/shiroha233/roadweaver/client/map/MapSnapshot with maxs=true frames=true
[Architectury Transformer DEBUG] Writing net/shiroha233/roadweaver/client/map/RoadMapScreen with maxs=true frames=true
[Architectury Transformer DEBUG] Writing net/shiroha233/roadweaver/client/map/MapSnapshotCache with maxs=true frames=true
[Architectury Transformer DEBUG] Writing net/shiroha233/roadweaver/client/map/MapRenderers$SegmentInView with maxs=true frames=true
[Architectury Transformer DEBUG] Writing net/shiroha233/roadweaver/client/map/MapContextMenu with maxs=true frames=true
[Architectury Transformer DEBUG] Writing net/shiroha233/roadweaver/client/map/MapView with maxs=true frames=true
[Architectury Transformer DEBUG] Writing net/shiroha233/roadweaver/client/map/MapInteraction with maxs=true frames=true
[Architectury Transformer DEBUG] Writing net/shiroha233/roadweaver/client/map/RenderUtils with maxs=true frames=true
[Architectury Transformer DEBUG] Writing net/shiroha233/roadweaver/client/map/MapRenderers$1 with maxs=true frames=true
[Architectury Transformer DEBUG] Writing net/shiroha233/roadweaver/client/map/ui/ContextMenu with maxs=true frames=true
[Architectury Transformer DEBUG] Writing net/shiroha233/roadweaver/client/map/ui/ContextMenu$Item with maxs=true frames=true
[Architectury Transformer DEBUG] Writing net/shiroha233/roadweaver/client/map/ui/SimpleTextInputScreen with maxs=true frames=true
[Architectury Transformer DEBUG] Writing net/shiroha233/roadweaver/client/map/data/ClientMapNotes with maxs=true frames=true
[Architectury Transformer DEBUG] Writing net/shiroha233/roadweaver/client/config/MaterialPresetEditorScreen$TargetList with maxs=true frames=true
[Architectury Transformer DEBUG] Writing net/shiroha233/roadweaver/client/config/MaterialPresetEditorScreen with maxs=true frames=true
[Architectury Transformer DEBUG] Writing net/shiroha233/roadweaver/client/config/MaterialPresetEditorScreen$UiPreset with maxs=true frames=true
[Architectury Transformer DEBUG] Writing net/shiroha233/roadweaver/api/RoadNetworkApi with maxs=true frames=true
[Architectury Transformer DEBUG] Closed File Systems for C:\Users\shiroha\Desktop\GITHUB\RoadWeaver\common\build\libs\roadweaver-common-2.0.3-1.20.1-beta-transformProductionFabric.jar
[Architectury Transformer] Transformed jar with 5 transformer(s) in 1.576 s
[Architectury Transformer DEBUG] 
[Architectury Transformer DEBUG] ============================
[Architectury Transformer DEBUG] Transforming from C:\Users\shiroha\Desktop\GITHUB\RoadWeaver\common\build\devlibs\roadweaver-common-2.0.3-1.20.1-beta-dev.jar to C:\Users\shiroha\Desktop\GITHUB\RoadWeaver\common\build\libs\roadweaver-common-2.0.3-1.20.1-beta-transformProductionForge.jar
[Architectury Transformer DEBUG] ============================
[Architectury Transformer DEBUG] 
[Architectury Transformer DEBUG] Transforming 7 transformer(s) from C:\Users\shiroha\Desktop\GITHUB\RoadWeaver\common\build\devlibs\roadweaver-common-2.0.3-1.20.1-beta-dev.jar to C:\Users\shiroha\Desktop\GITHUB\RoadWeaver\common\build\libs\roadweaver-common-2.0.3-1.20.1-beta-transformProductionForge.jar: 
[Architectury Transformer DEBUG]  - dev.architectury.transformer.transformers.TransformExpectPlatform@3168d076
[Architectury Transformer DEBUG]  - dev.architectury.transformer.transformers.RemapInjectables@723803bd
[Architectury Transformer DEBUG]  - AddRefmapName(enabled=() -> kotlin.Boolean)
[Architectury Transformer DEBUG]  - dev.architectury.transformer.transformers.TransformPlatformOnly@35c06011
[Architectury Transformer DEBUG]  - dev.architectury.transformer.transformers.TransformForgeAnnotations@1214fec7
[Architectury Transformer DEBUG]  - dev.architectury.transformer.transformers.TransformForgeEnvironment@39546599
[Architectury Transformer DEBUG]  - dev.architectury.transformer.transformers.FixForgeMixin@77b5812b
[Architectury Transformer DEBUG] Transforming from C:\Users\shiroha\Desktop\GITHUB\RoadWeaver\common\build\devlibs\roadweaver-common-2.0.3-1.20.1-beta-dev.jar to C:\Users\shiroha\Desktop\GITHUB\RoadWeaver\common\build\libs\roadweaver-common-2.0.3-1.20.1-beta-transformProductionForge.jar with 7 transformer(s) on dev.architectury.transformer.handler.SimpleTransformerHandler
[Architectury Transformer DEBUG] Reading mixin mappings file: C:\Users\shiroha\Desktop\GITHUB\RoadWeaver\fabric\build\loom-cache\mixin-map-loom.mappings.1_20_1.layered+hash.40359-v2.main.tiny
[Architectury Transformer DEBUG] Remapping with 2 mapping provider(s):
[Architectury Transformer DEBUG]  - dev.architectury.transformer.transformers.TransformForgeEnvironment$$Lambda/0x000002319ff56c18@12783d3c
[Architectury Transformer DEBUG]  - dev.architectury.transformer.transformers.TransformForgeEnvironment$$Lambda/0x000002319ff56a00@d9643cb
[Architectury Transformer DEBUG] Provided 59 classpath jar(s):
[Architectury Transformer DEBUG]  - C:\Users\shiroha\scoop\apps\gradle\current\.gradle\caches\modules-2\files-2.1\dev.architectury\architectury-injectables\1.0.10\62db2a366d662606d1b23ad02ccc3212ed37ec3\architectury-injectables-1.0.10.jar
[Architectury Transformer DEBUG]  - C:\Users\shiroha\scoop\apps\gradle\current\.gradle\caches\modules-2\files-2.1\net.fabricmc\fabric-loader\0.18.1\2f1cf1fa62e868562f522698cce909fa1c474d36\fabric-loader-0.18.1.jar
[Architectury Transformer DEBUG]  - C:\Users\shiroha\scoop\apps\gradle\current\.gradle\caches\modules-2\files-2.1\org.jetbrains\annotations\24.1.0\7af6a669488450c4a07c2c3254e2151df42d7d04\annotations-24.1.0.jar
[Architectury Transformer DEBUG]  - C:\Users\shiroha\scoop\apps\gradle\current\.gradle\caches\modules-2\files-2.1\net.fabricmc\tiny-mappings-parser\0.3.0+build.17\2f10540a290e382a7cd35c16ec3900046a4e252\tiny-mappings-parser-0.3.0+build.17.jar
[Architectury Transformer DEBUG]  - C:\Users\shiroha\scoop\apps\gradle\current\.gradle\caches\modules-2\files-2.1\net.fabricmc\sponge-mixin\0.12.5+mixin.0.8.5\8d31fb97c3e0cd7c8dad3441851c523bcfae6d8e\sponge-mixin-0.12.5+mixin.0.8.5.jar
[Architectury Transformer DEBUG]  - C:\Users\shiroha\scoop\apps\gradle\current\.gradle\caches\modules-2\files-2.1\net.fabricmc\tiny-remapper\0.8.2\2cc6565989469ec38893bfb7802b31c0d0d11ea0\tiny-remapper-0.8.2.jar
[Architectury Transformer DEBUG]  - C:\Users\shiroha\scoop\apps\gradle\current\.gradle\caches\modules-2\files-2.1\net.fabricmc\access-widener\2.1.0\f62a27adbfd8ab4d4fa5681793039f2c0b177155\access-widener-2.1.0.jar
[Architectury Transformer DEBUG]  - C:\Users\shiroha\scoop\apps\gradle\current\.gradle\caches\modules-2\files-2.1\org.ow2.asm\asm\9.5\dc6ea1875f4d64fbc85e1691c95b96a3d8569c90\asm-9.5.jar
[Architectury Transformer DEBUG]  - C:\Users\shiroha\scoop\apps\gradle\current\.gradle\caches\modules-2\files-2.1\org.ow2.asm\asm-analysis\9.5\490bacc77de7cbc0be1a30bb3471072d705be4a4\asm-analysis-9.5.jar
[Architectury Transformer DEBUG]  - C:\Users\shiroha\scoop\apps\gradle\current\.gradle\caches\modules-2\files-2.1\org.ow2.asm\asm-commons\9.5\19ab5b5800a3910d30d3a3e64fdb00fd0cb42de0\asm-commons-9.5.jar
[Architectury Transformer DEBUG]  - C:\Users\shiroha\scoop\apps\gradle\current\.gradle\caches\modules-2\files-2.1\org.ow2.asm\asm-tree\9.5\fd33c8b6373abaa675be407082fdfda35021254a\asm-tree-9.5.jar
[Architectury Transformer DEBUG]  - C:\Users\shiroha\scoop\apps\gradle\current\.gradle\caches\modules-2\files-2.1\org.ow2.asm\asm-util\9.5\64b5a1fc8c1b15ed2efd6a063e976bc8d3dc5ffe\asm-util-9.5.jar
[Architectury Transformer DEBUG]  - C:\Users\shiroha\scoop\apps\gradle\current\.gradle\caches\modules-2\files-2.1\com.github.oshi\oshi-core\6.2.2\54f5efc19bca95d709d9a37d19ffcbba3d21c1a6\oshi-core-6.2.2.jar
[Architectury Transformer DEBUG]  - C:\Users\shiroha\scoop\apps\gradle\current\.gradle\caches\modules-2\files-2.1\com.google.code.gson\gson\2.10\dd9b193aef96e973d5a11ab13cd17430c2e4306b\gson-2.10.jar
[Architectury Transformer DEBUG]  - C:\Users\shiroha\scoop\apps\gradle\current\.gradle\caches\modules-2\files-2.1\com.google.guava\failureaccess\1.0.1\1dcf1de382a0bf95a3d8b0849546c88bac1292c9\failureaccess-1.0.1.jar
[Architectury Transformer DEBUG]  - C:\Users\shiroha\scoop\apps\gradle\current\.gradle\caches\modules-2\files-2.1\com.google.guava\guava\31.1-jre\60458f877d055d0c9114d9e1a2efb737b4bc282c\guava-31.1-jre.jar
[Architectury Transformer DEBUG]  - C:\Users\shiroha\scoop\apps\gradle\current\.gradle\caches\modules-2\files-2.1\com.ibm.icu\icu4j\71.1\9e7d3304c23f9ba5cb71915f7cce23231a57a445\icu4j-71.1.jar
[Architectury Transformer DEBUG]  - C:\Users\shiroha\scoop\apps\gradle\current\.gradle\caches\modules-2\files-2.1\com.mojang\authlib\4.0.43\2ff9d747a77570a07a60d32ac77eb6162ad2a2d9\authlib-4.0.43.jar
[Architectury Transformer DEBUG]  - C:\Users\shiroha\scoop\apps\gradle\current\.gradle\caches\modules-2\files-2.1\com.mojang\blocklist\1.0.10\5c685c5ffa94c4cd39496c7184c1d122e515ecef\blocklist-1.0.10.jar
[Architectury Transformer DEBUG]  - C:\Users\shiroha\scoop\apps\gradle\current\.gradle\caches\modules-2\files-2.1\com.mojang\brigadier\1.1.8\5244ce82c3337bba4a196a3ce858bfaecc74404a\brigadier-1.1.8.jar
[Architectury Transformer DEBUG]  - C:\Users\shiroha\scoop\apps\gradle\current\.gradle\caches\modules-2\files-2.1\com.mojang\datafixerupper\6.0.8\3ba4a30557a9b057760af4011f909ba619fc5125\datafixerupper-6.0.8.jar
[Architectury Transformer DEBUG]  - C:\Users\shiroha\scoop\apps\gradle\current\.gradle\caches\modules-2\files-2.1\com.mojang\logging\1.1.1\832b8e6674a9b325a5175a3a6267dfaf34c85139\logging-1.1.1.jar
[Architectury Transformer DEBUG]  - C:\Users\shiroha\scoop\apps\gradle\current\.gradle\caches\modules-2\files-2.1\com.mojang\patchy\2.2.10\da05971b07cbb379d002cf7eaec6a2048211fefc\patchy-2.2.10.jar
[Architectury Transformer DEBUG]  - C:\Users\shiroha\scoop\apps\gradle\current\.gradle\caches\modules-2\files-2.1\com.mojang\text2speech\1.17.9\3cad216e3a7f0c19b4b394388bc9ffc446f13b14\text2speech-1.17.9.jar
[Architectury Transformer DEBUG]  - C:\Users\shiroha\scoop\apps\gradle\current\.gradle\caches\modules-2\files-2.1\commons-codec\commons-codec\1.15\49d94806b6e3dc933dacbd8acb0fdbab8ebd1e5d\commons-codec-1.15.jar
[Architectury Transformer DEBUG]  - C:\Users\shiroha\scoop\apps\gradle\current\.gradle\caches\modules-2\files-2.1\commons-io\commons-io\2.11.0\a2503f302b11ebde7ebc3df41daebe0e4eea3689\commons-io-2.11.0.jar
[Architectury Transformer DEBUG]  - C:\Users\shiroha\scoop\apps\gradle\current\.gradle\caches\modules-2\files-2.1\commons-logging\commons-logging\1.2\4bfc12adfe4842bf07b657f0369c4cb522955686\commons-logging-1.2.jar
[Architectury Transformer DEBUG]  - C:\Users\shiroha\scoop\apps\gradle\current\.gradle\caches\modules-2\files-2.1\io.netty\netty-buffer\4.1.82.Final\a544270cf1ae8b8077082f5036436a9a9971ea71\netty-buffer-4.1.82.Final.jar
[Architectury Transformer DEBUG]  - C:\Users\shiroha\scoop\apps\gradle\current\.gradle\caches\modules-2\files-2.1\io.netty\netty-codec\4.1.82.Final\b77200379acb345a9ffdece1c605e591ac3e4e0a\netty-codec-4.1.82.Final.jar
[Architectury Transformer DEBUG]  - C:\Users\shiroha\scoop\apps\gradle\current\.gradle\caches\modules-2\files-2.1\io.netty\netty-common\4.1.82.Final\22d148e85c3f5ebdacc0ce1f5aabb1d420f73f3\netty-common-4.1.82.Final.jar
[Architectury Transformer DEBUG]  - C:\Users\shiroha\scoop\apps\gradle\current\.gradle\caches\modules-2\files-2.1\io.netty\netty-handler\4.1.82.Final\644041d1fa96a5d3130a29e8978630d716d76e38\netty-handler-4.1.82.Final.jar
[Architectury Transformer DEBUG]  - C:\Users\shiroha\scoop\apps\gradle\current\.gradle\caches\modules-2\files-2.1\io.netty\netty-resolver\4.1.82.Final\38f665ae8dcd29032eea31245ba7806bed2e0fa8\netty-resolver-4.1.82.Final.jar
[Architectury Transformer DEBUG]  - C:\Users\shiroha\scoop\apps\gradle\current\.gradle\caches\modules-2\files-2.1\io.netty\netty-transport-classes-epoll\4.1.82.Final\e7c7dd18deac93105797f30057c912651ea76521\netty-transport-classes-epoll-4.1.82.Final.jar
[Architectury Transformer DEBUG]  - C:\Users\shiroha\scoop\apps\gradle\current\.gradle\caches\modules-2\files-2.1\io.netty\netty-transport-native-unix-common\4.1.82.Final\3e895b35ca1b8a0eca56cacff4c2dde5d2c6abce\netty-transport-native-unix-common-4.1.82.Final.jar
[Architectury Transformer DEBUG]  - C:\Users\shiroha\scoop\apps\gradle\current\.gradle\caches\modules-2\files-2.1\io.netty\netty-transport\4.1.82.Final\e431a218d91acb6476ccad5f5aafde50aa3945ca\netty-transport-4.1.82.Final.jar
[Architectury Transformer DEBUG]  - C:\Users\shiroha\scoop\apps\gradle\current\.gradle\caches\modules-2\files-2.1\it.unimi.dsi\fastutil\8.5.9\bb7ea75ecdb216654237830b3a96d87ad91f8cc5\fastutil-8.5.9.jar
[Architectury Transformer DEBUG]  - C:\Users\shiroha\scoop\apps\gradle\current\.gradle\caches\modules-2\files-2.1\net.java.dev.jna\jna-platform\5.12.1\97406a297c852f4a41e688a176ec675f72e8329\jna-platform-5.12.1.jar
[Architectury Transformer DEBUG]  - C:\Users\shiroha\scoop\apps\gradle\current\.gradle\caches\modules-2\files-2.1\net.java.dev.jna\jna\5.12.1\b1e93a735caea94f503e95e6fe79bf9cdc1e985d\jna-5.12.1.jar
[Architectury Transformer DEBUG]  - C:\Users\shiroha\scoop\apps\gradle\current\.gradle\caches\modules-2\files-2.1\net.sf.jopt-simple\jopt-simple\5.0.4\4fdac2fbe92dfad86aa6e9301736f6b4342a3f5c\jopt-simple-5.0.4.jar
[Architectury Transformer DEBUG]  - C:\Users\shiroha\scoop\apps\gradle\current\.gradle\caches\modules-2\files-2.1\org.apache.commons\commons-compress\1.21\4ec95b60d4e86b5c95a0e919cb172a0af98011ef\commons-compress-1.21.jar
[Architectury Transformer DEBUG]  - C:\Users\shiroha\scoop\apps\gradle\current\.gradle\caches\modules-2\files-2.1\org.apache.commons\commons-lang3\3.12.0\c6842c86792ff03b9f1d1fe2aab8dc23aa6c6f0e\commons-lang3-3.12.0.jar
[Architectury Transformer DEBUG]  - C:\Users\shiroha\scoop\apps\gradle\current\.gradle\caches\modules-2\files-2.1\org.apache.httpcomponents\httpclient\4.5.13\e5f6cae5ca7ecaac1ec2827a9e2d65ae2869cada\httpclient-4.5.13.jar
[Architectury Transformer DEBUG]  - C:\Users\shiroha\scoop\apps\gradle\current\.gradle\caches\modules-2\files-2.1\org.apache.httpcomponents\httpcore\4.4.15\7f2e0c573eaa7a74bac2e89b359e1f73d92a0a1d\httpcore-4.4.15.jar
[Architectury Transformer DEBUG]  - C:\Users\shiroha\scoop\apps\gradle\current\.gradle\caches\modules-2\files-2.1\org.apache.logging.log4j\log4j-api\2.19.0\ea1b37f38c327596b216542bc636cfdc0b8036fa\log4j-api-2.19.0.jar
[Architectury Transformer DEBUG]  - C:\Users\shiroha\scoop\apps\gradle\current\.gradle\caches\modules-2\files-2.1\org.apache.logging.log4j\log4j-core\2.19.0\3b6eeb4de4c49c0fe38a4ee27188ff5fee44d0bb\log4j-core-2.19.0.jar
[Architectury Transformer DEBUG]  - C:\Users\shiroha\scoop\apps\gradle\current\.gradle\caches\modules-2\files-2.1\org.apache.logging.log4j\log4j-slf4j2-impl\2.19.0\5c04bfdd63ce9dceb2e284b81e96b6a70010ee10\log4j-slf4j2-impl-2.19.0.jar
[Architectury Transformer DEBUG]  - C:\Users\shiroha\scoop\apps\gradle\current\.gradle\caches\modules-2\files-2.1\org.joml\joml\1.10.5\22566d58af70ad3d72308bab63b8339906deb649\joml-1.10.5.jar
[Architectury Transformer DEBUG]  - C:\Users\shiroha\scoop\apps\gradle\current\.gradle\caches\modules-2\files-2.1\org.lwjgl\lwjgl-glfw\3.3.1\cbac1b8d30cb4795149c1ef540f912671a8616d0\lwjgl-glfw-3.3.1.jar
[Architectury Transformer DEBUG]  - C:\Users\shiroha\scoop\apps\gradle\current\.gradle\caches\modules-2\files-2.1\org.lwjgl\lwjgl-jemalloc\3.3.1\a817bcf213db49f710603677457567c37d53e103\lwjgl-jemalloc-3.3.1.jar
[Architectury Transformer DEBUG]  - C:\Users\shiroha\scoop\apps\gradle\current\.gradle\caches\modules-2\files-2.1\org.lwjgl\lwjgl-openal\3.3.1\2623a6b8ae1dfcd880738656a9f0243d2e6840bd\lwjgl-openal-3.3.1.jar
[Architectury Transformer DEBUG]  - C:\Users\shiroha\scoop\apps\gradle\current\.gradle\caches\modules-2\files-2.1\org.lwjgl\lwjgl-opengl\3.3.1\831a5533a21a5f4f81bbc51bb13e9899319b5411\lwjgl-opengl-3.3.1.jar
[Architectury Transformer DEBUG]  - C:\Users\shiroha\scoop\apps\gradle\current\.gradle\caches\modules-2\files-2.1\org.lwjgl\lwjgl-stb\3.3.1\b119297cf8ed01f247abe8685857f8e7fcf5980f\lwjgl-stb-3.3.1.jar
[Architectury Transformer DEBUG]  - C:\Users\shiroha\scoop\apps\gradle\current\.gradle\caches\modules-2\files-2.1\org.lwjgl\lwjgl-tinyfd\3.3.1\ff1914111ef2e3e0110ef2dabc8d8cdaad82347\lwjgl-tinyfd-3.3.1.jar
[Architectury Transformer DEBUG]  - C:\Users\shiroha\scoop\apps\gradle\current\.gradle\caches\modules-2\files-2.1\org.lwjgl\lwjgl\3.3.1\ae58664f88e18a9bb2c77b063833ca7aaec484cb\lwjgl-3.3.1.jar
[Architectury Transformer DEBUG]  - C:\Users\shiroha\scoop\apps\gradle\current\.gradle\caches\modules-2\files-2.1\org.slf4j\slf4j-api\2.0.1\f48d81adce2abf5ad3cfe463df517952749e03bc\slf4j-api-2.0.1.jar
[Architectury Transformer DEBUG]  - C:\Users\shiroha\Desktop\GITHUB\RoadWeaver\.gradle\loom-cache\minecraftMaven\net\minecraft\minecraft-merged-3760f957dc\1.20.1-loom.mappings.1_20_1.layered+hash.40359-v2\minecraft-merged-3760f957dc-1.20.1-loom.mappings.1_20_1.layered+hash.40359-v2.jar
[Architectury Transformer DEBUG]  - C:\Users\shiroha\scoop\apps\gradle\current\.gradle\caches\modules-2\files-2.1\io.netty\netty-transport-native-epoll\4.1.82.Final\c7350a71920f3ae9142945e25fed4846cce53374\netty-transport-native-epoll-4.1.82.Final-linux-x86_64.jar
[Architectury Transformer DEBUG]  - C:\Users\shiroha\scoop\apps\gradle\current\.gradle\caches\modules-2\files-2.1\io.netty\netty-transport-native-epoll\4.1.82.Final\476409d6255001ca53a55f65b01c13822f8dc93a\netty-transport-native-epoll-4.1.82.Final-linux-aarch_64.jar
[Architectury Transformer DEBUG]  - C:\Users\shiroha\Desktop\GITHUB\RoadWeaver\.gradle\loom-cache\remapped_mods\loom_mappings_1_20_1_layered_hash_40359_v2\dev\architectury\architectury\9.2.14\architectury-9.2.14.jar
[Architectury Transformer] Read classpath in 763.6 ms
[Architectury Transformer DEBUG] Remapping Classes:
[Architectury Transformer DEBUG] net/fabricmc/api/EnvType -> net/minecraftforge/api/distmarker/Dist
[Architectury Transformer DEBUG] net/fabricmc/api/Environment -> net/minecraftforge/api/distmarker/OnlyIn
[Architectury Transformer DEBUG] Found class transformer
[Architectury Transformer DEBUG] Writing net/shiroha233/roadweaver/util/ComputeService with maxs=true frames=true
[Architectury Transformer DEBUG] Writing net/shiroha233/roadweaver/structures/StructureSystem with maxs=true frames=true
[Architectury Transformer DEBUG] Writing net/shiroha233/roadweaver/structures/spawn/SpawnCabinService with maxs=true frames=true
[Architectury Transformer DEBUG] Writing net/shiroha233/roadweaver/structures/spawn/SpawnCabinService$StructureBlueprints with maxs=true frames=true
[Architectury Transformer DEBUG] Writing net/shiroha233/roadweaver/structures/pipeline/StructurePlacer$1 with maxs=true frames=true
[Architectury Transformer DEBUG] Writing net/shiroha233/roadweaver/structures/pipeline/StructurePlacer with maxs=true frames=true
[Architectury Transformer DEBUG] Writing net/shiroha233/roadweaver/structures/model/StructureInstance with maxs=true frames=true
[Architectury Transformer DEBUG] Writing net/shiroha233/roadweaver/structures/interop/RoadInteropBridge with maxs=true frames=true
[Architectury Transformer DEBUG] Writing net/shiroha233/roadweaver/structures/index/ChunkStructureIndex with maxs=true frames=true
[Architectury Transformer DEBUG] Writing net/shiroha233/roadweaver/structures/index/StructureIndexRestorer with maxs=true frames=true
[Architectury Transformer DEBUG] Writing net/shiroha233/roadweaver/structures/index/StructureIndex with maxs=true frames=true
[Architectury Transformer DEBUG] Writing net/shiroha233/roadweaver/structures/blend/BlendPlan with maxs=true frames=true
[Architectury Transformer DEBUG] Writing net/shiroha233/roadweaver/structures/blend/TerrainBlender with maxs=true frames=true
[Architectury Transformer DEBUG] Writing net/shiroha233/roadweaver/structures/api/StructureConnector with maxs=true frames=true
[Architectury Transformer DEBUG] Writing net/shiroha233/roadweaver/structures/api/StructureBlueprint with maxs=true frames=true
[Architectury Transformer DEBUG] Writing net/shiroha233/roadweaver/structures/api/StructureVariant with maxs=true frames=true
[Architectury Transformer DEBUG] Writing net/shiroha233/roadweaver/structures/api/SpawnRule with maxs=true frames=true
[Architectury Transformer DEBUG] Writing net/shiroha233/roadweaver/structures/api/FoundationType with maxs=true frames=true
[Architectury Transformer DEBUG] Writing net/shiroha233/roadweaver/structures/api/BlendProfile with maxs=true frames=true
[Architectury Transformer DEBUG] Writing net/shiroha233/roadweaver/search/StructurePredictor with maxs=true frames=true
[Architectury Transformer DEBUG] Writing net/shiroha233/roadweaver/search/StructureVerificationService with maxs=true frames=true
[Architectury Transformer DEBUG] Writing net/shiroha233/roadweaver/search/StructurePredictor$Filters with maxs=true frames=true
[Architectury Transformer DEBUG] Writing net/shiroha233/roadweaver/runtime/ThreadPoolManager with maxs=true frames=true
[Architectury Transformer DEBUG] Writing net/shiroha233/roadweaver/planning/KNNPlanner$1Pair with maxs=true frames=true
[Architectury Transformer DEBUG] Writing net/shiroha233/roadweaver/planning/KNNPlanner$1 with maxs=true frames=true
[Architectury Transformer DEBUG] Writing net/shiroha233/roadweaver/planning/KNNPlanner with maxs=true frames=true
[Architectury Transformer DEBUG] Writing net/shiroha233/roadweaver/planning/DelaunayPlanner$Bounds with maxs=true frames=true
[Architectury Transformer DEBUG] Writing net/shiroha233/roadweaver/planning/DelaunayPlanner$Edge with maxs=true frames=true
[Architectury Transformer DEBUG] Writing net/shiroha233/roadweaver/planning/PlanningUtils with maxs=true frames=true
[Architectury Transformer DEBUG] Writing net/shiroha233/roadweaver/planning/RNGPlanner with maxs=true frames=true
[Architectury Transformer DEBUG] Writing net/shiroha233/roadweaver/planning/DelaunayPlanner with maxs=true frames=true
[Architectury Transformer DEBUG] Writing net/shiroha233/roadweaver/planning/RoadPlanningService with maxs=true frames=true
[Architectury Transformer DEBUG] Writing net/shiroha233/roadweaver/planning/DelaunayPlanner$Tri with maxs=true frames=true
[Architectury Transformer DEBUG] Writing net/shiroha233/roadweaver/planning/DelaunayPlanner$Vertex with maxs=true frames=true
[Architectury Transformer DEBUG] Writing net/shiroha233/roadweaver/planning/KNNPlanner$Neighbor with maxs=true frames=true
[Architectury Transformer DEBUG] Writing net/shiroha233/roadweaver/persistence/WorldDataProvider with maxs=true frames=true
[Architectury Transformer DEBUG] Writing net/shiroha233/roadweaver/persistence/sharded/RoadShardStorage$1 with maxs=true frames=true
[Architectury Transformer DEBUG] Writing net/shiroha233/roadweaver/persistence/sharded/RoadShardStorage$Shard with maxs=true frames=true
[Architectury Transformer DEBUG] Writing net/shiroha233/roadweaver/persistence/sharded/RoadShardStorage with maxs=true frames=true
[Architectury Transformer DEBUG] Writing net/shiroha233/roadweaver/network/ClientNetBridge with maxs=true frames=true
[Architectury Transformer DEBUG] Writing net/shiroha233/roadweaver/network/MapSnapshotCodec with maxs=true frames=true
[Architectury Transformer DEBUG] Writing net/shiroha233/roadweaver/helpers/Records$RoadData with maxs=true frames=true
[Architectury Transformer DEBUG] Writing net/shiroha233/roadweaver/helpers/Records$RoadSpan with maxs=true frames=true
[Architectury Transformer DEBUG] Writing net/shiroha233/roadweaver/helpers/Records$StructureInfo with maxs=true frames=true
[Architectury Transformer DEBUG] Writing net/shiroha233/roadweaver/helpers/Records$ConnectionStatus with maxs=true frames=true
[Architectury Transformer DEBUG] Writing net/shiroha233/roadweaver/helpers/Records$RoadSegmentPlacement with maxs=true frames=true
[Architectury Transformer DEBUG] Writing net/shiroha233/roadweaver/helpers/Records$WoodAssets with maxs=true frames=true
[Architectury Transformer DEBUG] Writing net/shiroha233/roadweaver/helpers/StructureConnector with maxs=true frames=true
[Architectury Transformer DEBUG] Writing net/shiroha233/roadweaver/helpers/Records$SpanType with maxs=true frames=true
[Architectury Transformer DEBUG] Writing net/shiroha233/roadweaver/helpers/Records with maxs=true frames=true
[Architectury Transformer DEBUG] Writing net/shiroha233/roadweaver/helpers/Records$StructureLocationData with maxs=true frames=true
[Architectury Transformer DEBUG] Writing net/shiroha233/roadweaver/helpers/Records$StructureConnection with maxs=true frames=true
[Architectury Transformer DEBUG] Writing net/shiroha233/roadweaver/generation/RoadGenerationService with maxs=true frames=true
[Architectury Transformer DEBUG] Writing net/shiroha233/roadweaver/generation/InitialGenManager with maxs=true frames=true
[Architectury Transformer DEBUG] Writing net/shiroha233/roadweaver/generation/InitialGenManager$1 with maxs=true frames=true
[Architectury Transformer DEBUG] Writing net/shiroha233/roadweaver/features/RoadFeature with maxs=true frames=true
[Architectury Transformer DEBUG] Writing net/shiroha233/roadweaver/features/roadlogic/surface/BridgeTransitionAdjuster with maxs=true frames=true
[Architectury Transformer DEBUG] Writing net/shiroha233/roadweaver/features/roadlogic/surface/HeightProfileService$HeightProfile with maxs=true frames=true
[Architectury Transformer DEBUG] Writing net/shiroha233/roadweaver/features/roadlogic/surface/HeightProfileService with maxs=true frames=true
[Architectury Transformer DEBUG] Writing net/shiroha233/roadweaver/features/roadlogic/pathfinding/BasicAStarPathfinder with maxs=true frames=true
[Architectury Transformer DEBUG] Writing net/shiroha233/roadweaver/features/roadlogic/pathfinding/PathPostProcessor with maxs=true frames=true
[Architectury Transformer DEBUG] Writing net/shiroha233/roadweaver/features/roadlogic/pathfinding/TerrainSamplingCache with maxs=true frames=true
[Architectury Transformer DEBUG] Writing net/shiroha233/roadweaver/features/roadlogic/pathfinding/BidirectionalAStarPathfinder$Node with maxs=true frames=true
[Architectury Transformer DEBUG] Writing net/shiroha233/roadweaver/features/roadlogic/pathfinding/GradientDescentPathfinder$Node with maxs=true frames=true
[Architectury Transformer DEBUG] Writing net/shiroha233/roadweaver/features/roadlogic/pathfinding/PathPostProcessor$Vec2d with maxs=true frames=true
[Architectury Transformer DEBUG] Writing net/shiroha233/roadweaver/features/roadlogic/pathfinding/BasicAStarPathfinder$Node with maxs=true frames=true
[Architectury Transformer DEBUG] Writing net/shiroha233/roadweaver/features/roadlogic/pathfinding/RoadPathCalculator with maxs=true frames=true
[Architectury Transformer DEBUG] Writing net/shiroha233/roadweaver/features/roadlogic/pathfinding/BidirectionalAStarPathfinder with maxs=true frames=true
[Architectury Transformer DEBUG] Writing net/shiroha233/roadweaver/features/roadlogic/pathfinding/GradientDescentPathfinder with maxs=true frames=true
[Architectury Transformer DEBUG] Writing net/shiroha233/roadweaver/features/roadlogic/pathfinding/BidirectionalAStarPathfinder$Meet with maxs=true frames=true
[Architectury Transformer DEBUG] Writing net/shiroha233/roadweaver/features/roadlogic/core/Road with maxs=true frames=true
[Architectury Transformer DEBUG] Writing net/shiroha233/roadweaver/features/roadlogic/core/SegmentPaver with maxs=true frames=true
[Architectury Transformer DEBUG] Writing net/shiroha233/roadweaver/features/roadlogic/core/RoadDirection with maxs=true frames=true
[Architectury Transformer DEBUG] Writing net/shiroha233/roadweaver/features/roadlogic/bridge/BridgeRangeCalculator$RangeResult with maxs=true frames=true
[Architectury Transformer DEBUG] Writing net/shiroha233/roadweaver/features/roadlogic/bridge/BridgeSegmentPlanner with maxs=true frames=true
[Architectury Transformer DEBUG] Writing net/shiroha233/roadweaver/features/roadlogic/bridge/BridgeRangeCalculator with maxs=true frames=true
[Architectury Transformer DEBUG] Writing net/shiroha233/roadweaver/features/roadlogic/bridge/BridgeSegmentPlanner$Context with maxs=true frames=true
[Architectury Transformer DEBUG] Writing net/shiroha233/roadweaver/features/decoration/types/FenceWaypointDecoration with maxs=true frames=true
[Architectury Transformer DEBUG] Writing net/shiroha233/roadweaver/features/decoration/types/DistanceSignDecoration with maxs=true frames=true
[Architectury Transformer DEBUG] Writing net/shiroha233/roadweaver/features/decoration/types/LanternPostDecoration with maxs=true frames=true
[Architectury Transformer DEBUG] Writing net/shiroha233/roadweaver/features/decoration/types/LamppostDecoration with maxs=true frames=true
[Architectury Transformer DEBUG] Writing net/shiroha233/roadweaver/features/decoration/text/SignTextService with maxs=true frames=true
[Architectury Transformer DEBUG] Writing net/shiroha233/roadweaver/features/decoration/system/DecorationExecutor with maxs=true frames=true
[Architectury Transformer DEBUG] Writing net/shiroha233/roadweaver/features/decoration/system/ArtificialDecorationSystem with maxs=true frames=true
[Architectury Transformer DEBUG] Writing net/shiroha233/roadweaver/features/decoration/system/DecorationPlanner$Mode with maxs=true frames=true
[Architectury Transformer DEBUG] Writing net/shiroha233/roadweaver/features/decoration/system/RoadBlockPlacer with maxs=true frames=true
[Architectury Transformer DEBUG] Writing net/shiroha233/roadweaver/features/decoration/system/AboveColumnClearer with maxs=true frames=true
[Architectury Transformer DEBUG] Writing net/shiroha233/roadweaver/features/decoration/system/NaturalDecorationSystem with maxs=true frames=true
[Architectury Transformer DEBUG] Writing net/shiroha233/roadweaver/features/decoration/system/DecorationPlanner with maxs=true frames=true
[Architectury Transformer DEBUG] Writing net/shiroha233/roadweaver/features/decoration/system/SurfacePlacementUtil with maxs=true frames=true
[Architectury Transformer DEBUG] Writing net/shiroha233/roadweaver/features/decoration/system/TreeRemovalUtil with maxs=true frames=true
[Architectury Transformer DEBUG] Writing net/shiroha233/roadweaver/features/decoration/system/PlacementRules with maxs=true frames=true
[Architectury Transformer DEBUG] Writing net/shiroha233/roadweaver/features/decoration/material/wood/WoodTrapdoorMapper with maxs=true frames=true
[Architectury Transformer DEBUG] Writing net/shiroha233/roadweaver/features/decoration/material/wood/BiomeWoodAware with maxs=true frames=true
[Architectury Transformer DEBUG] Writing net/shiroha233/roadweaver/features/decoration/material/wood/WoodSelector with maxs=true frames=true
[Architectury Transformer DEBUG] Writing net/shiroha233/roadweaver/features/decoration/material/surface/BiomeRoadMaterialSelector with maxs=true frames=true
[Architectury Transformer DEBUG] Writing net/shiroha233/roadweaver/features/decoration/compat/RoadFeatureCompat with maxs=true frames=true
[Architectury Transformer DEBUG] Writing net/shiroha233/roadweaver/features/decoration/base/OrientedDecoration with maxs=true frames=true
[Architectury Transformer DEBUG] Writing net/shiroha233/roadweaver/features/decoration/base/OrientedDecoration$DirectionProperties with maxs=true frames=true
[Architectury Transformer DEBUG] Writing net/shiroha233/roadweaver/features/decoration/base/Decoration with maxs=true frames=true
[Architectury Transformer DEBUG] Writing net/shiroha233/roadweaver/features/config/RoadFeatureConfig with maxs=true frames=true
[Architectury Transformer DEBUG] Writing net/shiroha233/roadweaver/features/bridge/BridgeBuilder with maxs=true frames=true
[Architectury Transformer DEBUG] Writing net/shiroha233/roadweaver/config/PresetService with maxs=true frames=true
[Architectury Transformer DEBUG] Writing net/shiroha233/roadweaver/config/ModConfig$PlanningAlgorithm with maxs=true frames=true
[Architectury Transformer DEBUG] Writing net/shiroha233/roadweaver/config/ConfigService with maxs=true frames=true
[Architectury Transformer DEBUG] Writing net/shiroha233/roadweaver/config/ModConfig with maxs=true frames=true
[Architectury Transformer DEBUG] Writing net/shiroha233/roadweaver/config/PresetService$PresetDef with maxs=true frames=true
[Architectury Transformer DEBUG] Writing net/shiroha233/roadweaver/config/PresetService$PresetFile with maxs=true frames=true
[Architectury Transformer DEBUG] Writing net/shiroha233/roadweaver/config/PresetConfig with maxs=true frames=true
[Architectury Transformer DEBUG] Writing net/shiroha233/roadweaver/config/ModConfig$PathfindingAlgorithm with maxs=true frames=true
[Architectury Transformer DEBUG] Writing net/shiroha233/roadweaver/client/ConfigScreenFactory with maxs=true frames=true
[Architectury Transformer DEBUG] Writing net/shiroha233/roadweaver/client/tips/LoadingTipsRenderer with maxs=true frames=true
[Architectury Transformer DEBUG] Writing net/shiroha233/roadweaver/client/map/MapDataCollector with maxs=true frames=true
[Architectury Transformer DEBUG] Writing net/shiroha233/roadweaver/client/map/MapSnapshot with maxs=true frames=true
[Architectury Transformer DEBUG] Writing net/shiroha233/roadweaver/client/map/MapRenderers with maxs=true frames=true
[Architectury Transformer DEBUG] Writing net/shiroha233/roadweaver/client/map/RoadMapScreen with maxs=true frames=true
[Architectury Transformer DEBUG] Writing net/shiroha233/roadweaver/client/map/GridRenderer with maxs=true frames=true
[Architectury Transformer DEBUG] Writing net/shiroha233/roadweaver/client/map/MapSnapshotCache with maxs=true frames=true
[Architectury Transformer DEBUG] Writing net/shiroha233/roadweaver/client/map/MapRenderers$SegmentInView with maxs=true frames=true
[Architectury Transformer DEBUG] Writing net/shiroha233/roadweaver/client/map/MapContextMenu with maxs=true frames=true
[Architectury Transformer DEBUG] Writing net/shiroha233/roadweaver/client/map/MapInteraction with maxs=true frames=true
[Architectury Transformer DEBUG] Writing net/shiroha233/roadweaver/client/map/MapView with maxs=true frames=true
[Architectury Transformer DEBUG] Writing net/shiroha233/roadweaver/client/map/MapRenderers$1 with maxs=true frames=true
[Architectury Transformer DEBUG] Writing net/shiroha233/roadweaver/client/map/RenderUtils with maxs=true frames=true
[Architectury Transformer DEBUG] Writing net/shiroha233/roadweaver/client/map/ui/ContextMenu with maxs=true frames=true
[Architectury Transformer DEBUG] Writing net/shiroha233/roadweaver/client/map/ui/ContextMenu$Item with maxs=true frames=true
[Architectury Transformer DEBUG] Writing net/shiroha233/roadweaver/client/map/ui/SimpleTextInputScreen with maxs=true frames=true
[Architectury Transformer DEBUG] Writing net/shiroha233/roadweaver/client/map/data/ClientMapNotes with maxs=true frames=true
[Architectury Transformer DEBUG] Writing net/shiroha233/roadweaver/client/config/MaterialPresetEditorScreen with maxs=true frames=true
[Architectury Transformer DEBUG] Writing net/shiroha233/roadweaver/client/config/MaterialPresetEditorScreen$TargetList with maxs=true frames=true
[Architectury Transformer DEBUG] Writing net/shiroha233/roadweaver/client/config/MaterialPresetEditorScreen$UiPreset with maxs=true frames=true
[Architectury Transformer DEBUG] Writing net/shiroha233/roadweaver/api/RoadNetworkApi with maxs=true frames=true
[Architectury Transformer DEBUG] Injecting MixinConfigs into /META-INF/MANIFEST.MF
[Architectury Transformer DEBUG] Remapping refmap from intermediary to srg: roadweaver-common-common-refmap.json
[Architectury Transformer DEBUG] Closed File Systems for C:\Users\shiroha\Desktop\GITHUB\RoadWeaver\common\build\libs\roadweaver-common-2.0.3-1.20.1-beta-transformProductionForge.jar
[Architectury Transformer] Transformed jar with 7 transformer(s) in 1.174 s
[Architectury Transformer DEBUG] Closed File Systems for C:\Users\shiroha\Desktop\GITHUB\RoadWeaver\common\build\libs\roadweaver-common-2.0.3-1.20.1-beta.jar
[Architectury Transformer DEBUG] 
[Architectury Transformer DEBUG] ============================
[Architectury Transformer DEBUG] Transforming from C:\Users\shiroha\Desktop\GITHUB\RoadWeaver\common\build\devlibs\roadweaver-common-2.0.4-1.20.1-BETA-dev.jar to C:\Users\shiroha\Desktop\GITHUB\RoadWeaver\common\build\libs\roadweaver-common-2.0.4-1.20.1-BETA-transformProductionFabric.jar
[Architectury Transformer DEBUG] ============================
[Architectury Transformer DEBUG] 
[Architectury Transformer DEBUG] Transforming 5 transformer(s) from C:\Users\shiroha\Desktop\GITHUB\RoadWeaver\common\build\devlibs\roadweaver-common-2.0.4-1.20.1-BETA-dev.jar to C:\Users\shiroha\Desktop\GITHUB\RoadWeaver\common\build\libs\roadweaver-common-2.0.4-1.20.1-BETA-transformProductionFabric.jar: 
[Architectury Transformer DEBUG]  - dev.architectury.transformer.transformers.RemapMixinVariables@88c000b
[Architectury Transformer DEBUG]  - dev.architectury.transformer.transformers.TransformExpectPlatform@105d7cd6
[Architectury Transformer DEBUG]  - dev.architectury.transformer.transformers.RemapInjectables@29b88fed
[Architectury Transformer DEBUG]  - AddRefmapName(enabled=() -> kotlin.Boolean)
[Architectury Transformer DEBUG]  - dev.architectury.transformer.transformers.TransformPlatformOnly@70fe6eb3
[Architectury Transformer DEBUG] Transforming from C:\Users\shiroha\Desktop\GITHUB\RoadWeaver\common\build\devlibs\roadweaver-common-2.0.4-1.20.1-BETA-dev.jar to C:\Users\shiroha\Desktop\GITHUB\RoadWeaver\common\build\libs\roadweaver-common-2.0.4-1.20.1-BETA-transformProductionFabric.jar with 5 transformer(s) on dev.architectury.transformer.handler.SimpleTransformerHandler
[Architectury Transformer DEBUG] Reading mixin mappings file: C:\Users\shiroha\Desktop\GITHUB\RoadWeaver\fabric\build\loom-cache\mixin-map-loom.mappings.1_20_1.layered+hash.40359-v2.main.tiny
[Architectury Transformer DEBUG] Remapping with 1 mapping provider(s):
[Architectury Transformer DEBUG]  - dev.architectury.transformer.shadowed.impl.dev.architectury.tinyremapper.TinyUtils$$Lambda/0x000002319fee9d10@46a38d5f
[Architectury Transformer DEBUG] Provided 59 classpath jar(s):
[Architectury Transformer DEBUG]  - C:\Users\shiroha\scoop\apps\gradle\current\.gradle\caches\modules-2\files-2.1\dev.architectury\architectury-injectables\1.0.10\62db2a366d662606d1b23ad02ccc3212ed37ec3\architectury-injectables-1.0.10.jar
[Architectury Transformer DEBUG]  - C:\Users\shiroha\scoop\apps\gradle\current\.gradle\caches\modules-2\files-2.1\net.fabricmc\fabric-loader\0.18.1\2f1cf1fa62e868562f522698cce909fa1c474d36\fabric-loader-0.18.1.jar
[Architectury Transformer DEBUG]  - C:\Users\shiroha\scoop\apps\gradle\current\.gradle\caches\modules-2\files-2.1\org.jetbrains\annotations\24.1.0\7af6a669488450c4a07c2c3254e2151df42d7d04\annotations-24.1.0.jar
[Architectury Transformer DEBUG]  - C:\Users\shiroha\scoop\apps\gradle\current\.gradle\caches\modules-2\files-2.1\net.fabricmc\tiny-mappings-parser\0.3.0+build.17\2f10540a290e382a7cd35c16ec3900046a4e252\tiny-mappings-parser-0.3.0+build.17.jar
[Architectury Transformer DEBUG]  - C:\Users\shiroha\scoop\apps\gradle\current\.gradle\caches\modules-2\files-2.1\net.fabricmc\sponge-mixin\0.12.5+mixin.0.8.5\8d31fb97c3e0cd7c8dad3441851c523bcfae6d8e\sponge-mixin-0.12.5+mixin.0.8.5.jar
[Architectury Transformer DEBUG]  - C:\Users\shiroha\scoop\apps\gradle\current\.gradle\caches\modules-2\files-2.1\net.fabricmc\tiny-remapper\0.8.2\2cc6565989469ec38893bfb7802b31c0d0d11ea0\tiny-remapper-0.8.2.jar
[Architectury Transformer DEBUG]  - C:\Users\shiroha\scoop\apps\gradle\current\.gradle\caches\modules-2\files-2.1\net.fabricmc\access-widener\2.1.0\f62a27adbfd8ab4d4fa5681793039f2c0b177155\access-widener-2.1.0.jar
[Architectury Transformer DEBUG]  - C:\Users\shiroha\scoop\apps\gradle\current\.gradle\caches\modules-2\files-2.1\org.ow2.asm\asm\9.5\dc6ea1875f4d64fbc85e1691c95b96a3d8569c90\asm-9.5.jar
[Architectury Transformer DEBUG]  - C:\Users\shiroha\scoop\apps\gradle\current\.gradle\caches\modules-2\files-2.1\org.ow2.asm\asm-analysis\9.5\490bacc77de7cbc0be1a30bb3471072d705be4a4\asm-analysis-9.5.jar
[Architectury Transformer DEBUG]  - C:\Users\shiroha\scoop\apps\gradle\current\.gradle\caches\modules-2\files-2.1\org.ow2.asm\asm-commons\9.5\19ab5b5800a3910d30d3a3e64fdb00fd0cb42de0\asm-commons-9.5.jar
[Architectury Transformer DEBUG]  - C:\Users\shiroha\scoop\apps\gradle\current\.gradle\caches\modules-2\files-2.1\org.ow2.asm\asm-tree\9.5\fd33c8b6373abaa675be407082fdfda35021254a\asm-tree-9.5.jar
[Architectury Transformer DEBUG]  - C:\Users\shiroha\scoop\apps\gradle\current\.gradle\caches\modules-2\files-2.1\org.ow2.asm\asm-util\9.5\64b5a1fc8c1b15ed2efd6a063e976bc8d3dc5ffe\asm-util-9.5.jar
[Architectury Transformer DEBUG]  - C:\Users\shiroha\scoop\apps\gradle\current\.gradle\caches\modules-2\files-2.1\com.github.oshi\oshi-core\6.2.2\54f5efc19bca95d709d9a37d19ffcbba3d21c1a6\oshi-core-6.2.2.jar
[Architectury Transformer DEBUG]  - C:\Users\shiroha\scoop\apps\gradle\current\.gradle\caches\modules-2\files-2.1\com.google.code.gson\gson\2.10\dd9b193aef96e973d5a11ab13cd17430c2e4306b\gson-2.10.jar
[Architectury Transformer DEBUG]  - C:\Users\shiroha\scoop\apps\gradle\current\.gradle\caches\modules-2\files-2.1\com.google.guava\failureaccess\1.0.1\1dcf1de382a0bf95a3d8b0849546c88bac1292c9\failureaccess-1.0.1.jar
[Architectury Transformer DEBUG]  - C:\Users\shiroha\scoop\apps\gradle\current\.gradle\caches\modules-2\files-2.1\com.google.guava\guava\31.1-jre\60458f877d055d0c9114d9e1a2efb737b4bc282c\guava-31.1-jre.jar
[Architectury Transformer DEBUG]  - C:\Users\shiroha\scoop\apps\gradle\current\.gradle\caches\modules-2\files-2.1\com.ibm.icu\icu4j\71.1\9e7d3304c23f9ba5cb71915f7cce23231a57a445\icu4j-71.1.jar
[Architectury Transformer DEBUG]  - C:\Users\shiroha\scoop\apps\gradle\current\.gradle\caches\modules-2\files-2.1\com.mojang\authlib\4.0.43\2ff9d747a77570a07a60d32ac77eb6162ad2a2d9\authlib-4.0.43.jar
[Architectury Transformer DEBUG]  - C:\Users\shiroha\scoop\apps\gradle\current\.gradle\caches\modules-2\files-2.1\com.mojang\blocklist\1.0.10\5c685c5ffa94c4cd39496c7184c1d122e515ecef\blocklist-1.0.10.jar
[Architectury Transformer DEBUG]  - C:\Users\shiroha\scoop\apps\gradle\current\.gradle\caches\modules-2\files-2.1\com.mojang\brigadier\1.1.8\5244ce82c3337bba4a196a3ce858bfaecc74404a\brigadier-1.1.8.jar
[Architectury Transformer DEBUG]  - C:\Users\shiroha\scoop\apps\gradle\current\.gradle\caches\modules-2\files-2.1\com.mojang\datafixerupper\6.0.8\3ba4a30557a9b057760af4011f909ba619fc5125\datafixerupper-6.0.8.jar
[Architectury Transformer DEBUG]  - C:\Users\shiroha\scoop\apps\gradle\current\.gradle\caches\modules-2\files-2.1\com.mojang\logging\1.1.1\832b8e6674a9b325a5175a3a6267dfaf34c85139\logging-1.1.1.jar
[Architectury Transformer DEBUG]  - C:\Users\shiroha\scoop\apps\gradle\current\.gradle\caches\modules-2\files-2.1\com.mojang\patchy\2.2.10\da05971b07cbb379d002cf7eaec6a2048211fefc\patchy-2.2.10.jar
[Architectury Transformer DEBUG]  - C:\Users\shiroha\scoop\apps\gradle\current\.gradle\caches\modules-2\files-2.1\com.mojang\text2speech\1.17.9\3cad216e3a7f0c19b4b394388bc9ffc446f13b14\text2speech-1.17.9.jar
[Architectury Transformer DEBUG]  - C:\Users\shiroha\scoop\apps\gradle\current\.gradle\caches\modules-2\files-2.1\commons-codec\commons-codec\1.15\49d94806b6e3dc933dacbd8acb0fdbab8ebd1e5d\commons-codec-1.15.jar
[Architectury Transformer DEBUG]  - C:\Users\shiroha\scoop\apps\gradle\current\.gradle\caches\modules-2\files-2.1\commons-io\commons-io\2.11.0\a2503f302b11ebde7ebc3df41daebe0e4eea3689\commons-io-2.11.0.jar
[Architectury Transformer DEBUG]  - C:\Users\shiroha\scoop\apps\gradle\current\.gradle\caches\modules-2\files-2.1\commons-logging\commons-logging\1.2\4bfc12adfe4842bf07b657f0369c4cb522955686\commons-logging-1.2.jar
[Architectury Transformer DEBUG]  - C:\Users\shiroha\scoop\apps\gradle\current\.gradle\caches\modules-2\files-2.1\io.netty\netty-buffer\4.1.82.Final\a544270cf1ae8b8077082f5036436a9a9971ea71\netty-buffer-4.1.82.Final.jar
[Architectury Transformer DEBUG]  - C:\Users\shiroha\scoop\apps\gradle\current\.gradle\caches\modules-2\files-2.1\io.netty\netty-codec\4.1.82.Final\b77200379acb345a9ffdece1c605e591ac3e4e0a\netty-codec-4.1.82.Final.jar
[Architectury Transformer DEBUG]  - C:\Users\shiroha\scoop\apps\gradle\current\.gradle\caches\modules-2\files-2.1\io.netty\netty-common\4.1.82.Final\22d148e85c3f5ebdacc0ce1f5aabb1d420f73f3\netty-common-4.1.82.Final.jar
[Architectury Transformer DEBUG]  - C:\Users\shiroha\scoop\apps\gradle\current\.gradle\caches\modules-2\files-2.1\io.netty\netty-handler\4.1.82.Final\644041d1fa96a5d3130a29e8978630d716d76e38\netty-handler-4.1.82.Final.jar
[Architectury Transformer DEBUG]  - C:\Users\shiroha\scoop\apps\gradle\current\.gradle\caches\modules-2\files-2.1\io.netty\netty-resolver\4.1.82.Final\38f665ae8dcd29032eea31245ba7806bed2e0fa8\netty-resolver-4.1.82.Final.jar
[Architectury Transformer DEBUG]  - C:\Users\shiroha\scoop\apps\gradle\current\.gradle\caches\modules-2\files-2.1\io.netty\netty-transport-classes-epoll\4.1.82.Final\e7c7dd18deac93105797f30057c912651ea76521\netty-transport-classes-epoll-4.1.82.Final.jar
[Architectury Transformer DEBUG]  - C:\Users\shiroha\scoop\apps\gradle\current\.gradle\caches\modules-2\files-2.1\io.netty\netty-transport-native-unix-common\4.1.82.Final\3e895b35ca1b8a0eca56cacff4c2dde5d2c6abce\netty-transport-native-unix-common-4.1.82.Final.jar
[Architectury Transformer DEBUG]  - C:\Users\shiroha\scoop\apps\gradle\current\.gradle\caches\modules-2\files-2.1\io.netty\netty-transport\4.1.82.Final\e431a218d91acb6476ccad5f5aafde50aa3945ca\netty-transport-4.1.82.Final.jar
[Architectury Transformer DEBUG]  - C:\Users\shiroha\scoop\apps\gradle\current\.gradle\caches\modules-2\files-2.1\it.unimi.dsi\fastutil\8.5.9\bb7ea75ecdb216654237830b3a96d87ad91f8cc5\fastutil-8.5.9.jar
[Architectury Transformer DEBUG]  - C:\Users\shiroha\scoop\apps\gradle\current\.gradle\caches\modules-2\files-2.1\net.java.dev.jna\jna-platform\5.12.1\97406a297c852f4a41e688a176ec675f72e8329\jna-platform-5.12.1.jar
[Architectury Transformer DEBUG]  - C:\Users\shiroha\scoop\apps\gradle\current\.gradle\caches\modules-2\files-2.1\net.java.dev.jna\jna\5.12.1\b1e93a735caea94f503e95e6fe79bf9cdc1e985d\jna-5.12.1.jar
[Architectury Transformer DEBUG]  - C:\Users\shiroha\scoop\apps\gradle\current\.gradle\caches\modules-2\files-2.1\net.sf.jopt-simple\jopt-simple\5.0.4\4fdac2fbe92dfad86aa6e9301736f6b4342a3f5c\jopt-simple-5.0.4.jar
[Architectury Transformer DEBUG]  - C:\Users\shiroha\scoop\apps\gradle\current\.gradle\caches\modules-2\files-2.1\org.apache.commons\commons-compress\1.21\4ec95b60d4e86b5c95a0e919cb172a0af98011ef\commons-compress-1.21.jar
[Architectury Transformer DEBUG]  - C:\Users\shiroha\scoop\apps\gradle\current\.gradle\caches\modules-2\files-2.1\org.apache.commons\commons-lang3\3.12.0\c6842c86792ff03b9f1d1fe2aab8dc23aa6c6f0e\commons-lang3-3.12.0.jar
[Architectury Transformer DEBUG]  - C:\Users\shiroha\scoop\apps\gradle\current\.gradle\caches\modules-2\files-2.1\org.apache.httpcomponents\httpclient\4.5.13\e5f6cae5ca7ecaac1ec2827a9e2d65ae2869cada\httpclient-4.5.13.jar
[Architectury Transformer DEBUG]  - C:\Users\shiroha\scoop\apps\gradle\current\.gradle\caches\modules-2\files-2.1\org.apache.httpcomponents\httpcore\4.4.15\7f2e0c573eaa7a74bac2e89b359e1f73d92a0a1d\httpcore-4.4.15.jar
[Architectury Transformer DEBUG]  - C:\Users\shiroha\scoop\apps\gradle\current\.gradle\caches\modules-2\files-2.1\org.apache.logging.log4j\log4j-api\2.19.0\ea1b37f38c327596b216542bc636cfdc0b8036fa\log4j-api-2.19.0.jar
[Architectury Transformer DEBUG]  - C:\Users\shiroha\scoop\apps\gradle\current\.gradle\caches\modules-2\files-2.1\org.apache.logging.log4j\log4j-core\2.19.0\3b6eeb4de4c49c0fe38a4ee27188ff5fee44d0bb\log4j-core-2.19.0.jar
[Architectury Transformer DEBUG]  - C:\Users\shiroha\scoop\apps\gradle\current\.gradle\caches\modules-2\files-2.1\org.apache.logging.log4j\log4j-slf4j2-impl\2.19.0\5c04bfdd63ce9dceb2e284b81e96b6a70010ee10\log4j-slf4j2-impl-2.19.0.jar
[Architectury Transformer DEBUG]  - C:\Users\shiroha\scoop\apps\gradle\current\.gradle\caches\modules-2\files-2.1\org.joml\joml\1.10.5\22566d58af70ad3d72308bab63b8339906deb649\joml-1.10.5.jar
[Architectury Transformer DEBUG]  - C:\Users\shiroha\scoop\apps\gradle\current\.gradle\caches\modules-2\files-2.1\org.lwjgl\lwjgl-glfw\3.3.1\cbac1b8d30cb4795149c1ef540f912671a8616d0\lwjgl-glfw-3.3.1.jar
[Architectury Transformer DEBUG]  - C:\Users\shiroha\scoop\apps\gradle\current\.gradle\caches\modules-2\files-2.1\org.lwjgl\lwjgl-jemalloc\3.3.1\a817bcf213db49f710603677457567c37d53e103\lwjgl-jemalloc-3.3.1.jar
[Architectury Transformer DEBUG]  - C:\Users\shiroha\scoop\apps\gradle\current\.gradle\caches\modules-2\files-2.1\org.lwjgl\lwjgl-openal\3.3.1\2623a6b8ae1dfcd880738656a9f0243d2e6840bd\lwjgl-openal-3.3.1.jar
[Architectury Transformer DEBUG]  - C:\Users\shiroha\scoop\apps\gradle\current\.gradle\caches\modules-2\files-2.1\org.lwjgl\lwjgl-opengl\3.3.1\831a5533a21a5f4f81bbc51bb13e9899319b5411\lwjgl-opengl-3.3.1.jar
[Architectury Transformer DEBUG]  - C:\Users\shiroha\scoop\apps\gradle\current\.gradle\caches\modules-2\files-2.1\org.lwjgl\lwjgl-stb\3.3.1\b119297cf8ed01f247abe8685857f8e7fcf5980f\lwjgl-stb-3.3.1.jar
[Architectury Transformer DEBUG]  - C:\Users\shiroha\scoop\apps\gradle\current\.gradle\caches\modules-2\files-2.1\org.lwjgl\lwjgl-tinyfd\3.3.1\ff1914111ef2e3e0110ef2dabc8d8cdaad82347\lwjgl-tinyfd-3.3.1.jar
[Architectury Transformer DEBUG]  - C:\Users\shiroha\scoop\apps\gradle\current\.gradle\caches\modules-2\files-2.1\org.lwjgl\lwjgl\3.3.1\ae58664f88e18a9bb2c77b063833ca7aaec484cb\lwjgl-3.3.1.jar
[Architectury Transformer DEBUG]  - C:\Users\shiroha\scoop\apps\gradle\current\.gradle\caches\modules-2\files-2.1\org.slf4j\slf4j-api\2.0.1\f48d81adce2abf5ad3cfe463df517952749e03bc\slf4j-api-2.0.1.jar
[Architectury Transformer DEBUG]  - C:\Users\shiroha\Desktop\GITHUB\RoadWeaver\.gradle\loom-cache\minecraftMaven\net\minecraft\minecraft-merged-3760f957dc\1.20.1-loom.mappings.1_20_1.layered+hash.40359-v2\minecraft-merged-3760f957dc-1.20.1-loom.mappings.1_20_1.layered+hash.40359-v2.jar
[Architectury Transformer DEBUG]  - C:\Users\shiroha\scoop\apps\gradle\current\.gradle\caches\modules-2\files-2.1\io.netty\netty-transport-native-epoll\4.1.82.Final\c7350a71920f3ae9142945e25fed4846cce53374\netty-transport-native-epoll-4.1.82.Final-linux-x86_64.jar
[Architectury Transformer DEBUG]  - C:\Users\shiroha\scoop\apps\gradle\current\.gradle\caches\modules-2\files-2.1\io.netty\netty-transport-native-epoll\4.1.82.Final\476409d6255001ca53a55f65b01c13822f8dc93a\netty-transport-native-epoll-4.1.82.Final-linux-aarch_64.jar
[Architectury Transformer DEBUG]  - C:\Users\shiroha\Desktop\GITHUB\RoadWeaver\.gradle\loom-cache\remapped_mods\loom_mappings_1_20_1_layered_hash_40359_v2\dev\architectury\architectury\9.2.14\architectury-9.2.14.jar
[Architectury Transformer] Read classpath in 837.5 ms
[Architectury Transformer DEBUG] Remapping Classes:
[Architectury Transformer DEBUG] Found class transformer
[Architectury Transformer DEBUG] Writing net/shiroha233/roadweaver/util/ComputeService with maxs=true frames=true
[Architectury Transformer DEBUG] Writing net/shiroha233/roadweaver/structures/StructureSystem with maxs=true frames=true
[Architectury Transformer DEBUG] Writing net/shiroha233/roadweaver/structures/spawn/SpawnCabinService with maxs=true frames=true
[Architectury Transformer DEBUG] Writing net/shiroha233/roadweaver/structures/spawn/SpawnCabinService$StructureBlueprints with maxs=true frames=true
[Architectury Transformer DEBUG] Writing net/shiroha233/roadweaver/structures/pipeline/StructurePlacer$1 with maxs=true frames=true
[Architectury Transformer DEBUG] Writing net/shiroha233/roadweaver/structures/pipeline/StructurePlacer with maxs=true frames=true
[Architectury Transformer DEBUG] Writing net/shiroha233/roadweaver/structures/model/StructureInstance with maxs=true frames=true
[Architectury Transformer DEBUG] Writing net/shiroha233/roadweaver/structures/interop/RoadInteropBridge with maxs=true frames=true
[Architectury Transformer DEBUG] Writing net/shiroha233/roadweaver/structures/index/ChunkStructureIndex with maxs=true frames=true
[Architectury Transformer DEBUG] Writing net/shiroha233/roadweaver/structures/index/StructureIndexRestorer with maxs=true frames=true
[Architectury Transformer DEBUG] Writing net/shiroha233/roadweaver/structures/index/StructureIndex with maxs=true frames=true
[Architectury Transformer DEBUG] Writing net/shiroha233/roadweaver/structures/blend/BlendPlan with maxs=true frames=true
[Architectury Transformer DEBUG] Writing net/shiroha233/roadweaver/structures/blend/TerrainBlender with maxs=true frames=true
[Architectury Transformer DEBUG] Writing net/shiroha233/roadweaver/structures/api/StructureConnector with maxs=true frames=true
[Architectury Transformer DEBUG] Writing net/shiroha233/roadweaver/structures/api/StructureBlueprint with maxs=true frames=true
[Architectury Transformer DEBUG] Writing net/shiroha233/roadweaver/structures/api/StructureVariant with maxs=true frames=true
[Architectury Transformer DEBUG] Writing net/shiroha233/roadweaver/structures/api/SpawnRule with maxs=true frames=true
[Architectury Transformer DEBUG] Writing net/shiroha233/roadweaver/structures/api/FoundationType with maxs=true frames=true
[Architectury Transformer DEBUG] Writing net/shiroha233/roadweaver/structures/api/BlendProfile with maxs=true frames=true
[Architectury Transformer DEBUG] Writing net/shiroha233/roadweaver/search/StructurePredictor with maxs=true frames=true
[Architectury Transformer DEBUG] Writing net/shiroha233/roadweaver/search/StructureVerificationService with maxs=true frames=true
[Architectury Transformer DEBUG] Writing net/shiroha233/roadweaver/search/StructurePredictor$Filters with maxs=true frames=true
[Architectury Transformer DEBUG] Writing net/shiroha233/roadweaver/runtime/ThreadPoolManager with maxs=true frames=true
[Architectury Transformer DEBUG] Writing net/shiroha233/roadweaver/planning/KNNPlanner$1 with maxs=true frames=true
[Architectury Transformer DEBUG] Writing net/shiroha233/roadweaver/planning/KNNPlanner$1Pair with maxs=true frames=true
[Architectury Transformer DEBUG] Writing net/shiroha233/roadweaver/planning/DelaunayPlanner$Bounds with maxs=true frames=true
[Architectury Transformer DEBUG] Writing net/shiroha233/roadweaver/planning/KNNPlanner with maxs=true frames=true
[Architectury Transformer DEBUG] Writing net/shiroha233/roadweaver/planning/DelaunayPlanner$Edge with maxs=true frames=true
[Architectury Transformer DEBUG] Writing net/shiroha233/roadweaver/planning/PlanningUtils with maxs=true frames=true
[Architectury Transformer DEBUG] Writing net/shiroha233/roadweaver/planning/RNGPlanner with maxs=true frames=true
[Architectury Transformer DEBUG] Writing net/shiroha233/roadweaver/planning/RoadPlanningService with maxs=true frames=true
[Architectury Transformer DEBUG] Writing net/shiroha233/roadweaver/planning/DelaunayPlanner$Tri with maxs=true frames=true
[Architectury Transformer DEBUG] Writing net/shiroha233/roadweaver/planning/DelaunayPlanner$Vertex with maxs=true frames=true
[Architectury Transformer DEBUG] Writing net/shiroha233/roadweaver/planning/DelaunayPlanner with maxs=true frames=true
[Architectury Transformer DEBUG] Writing net/shiroha233/roadweaver/planning/KNNPlanner$Neighbor with maxs=true frames=true
[Architectury Transformer DEBUG] Writing net/shiroha233/roadweaver/persistence/WorldDataProvider with maxs=true frames=true
[Architectury Transformer DEBUG] Writing net/shiroha233/roadweaver/persistence/sharded/RoadShardStorage$1 with maxs=true frames=true
[Architectury Transformer DEBUG] Writing net/shiroha233/roadweaver/persistence/sharded/RoadShardStorage$Shard with maxs=true frames=true
[Architectury Transformer DEBUG] Writing net/shiroha233/roadweaver/persistence/sharded/RoadShardStorage with maxs=true frames=true
[Architectury Transformer DEBUG] Writing net/shiroha233/roadweaver/network/ClientNetBridge with maxs=true frames=true
[Architectury Transformer DEBUG] Writing net/shiroha233/roadweaver/network/MapSnapshotCodec with maxs=true frames=true
[Architectury Transformer DEBUG] Writing net/shiroha233/roadweaver/helpers/Records$RoadSpan with maxs=true frames=true
[Architectury Transformer DEBUG] Writing net/shiroha233/roadweaver/helpers/Records$RoadData with maxs=true frames=true
[Architectury Transformer DEBUG] Writing net/shiroha233/roadweaver/helpers/Records$ConnectionStatus with maxs=true frames=true
[Architectury Transformer DEBUG] Writing net/shiroha233/roadweaver/helpers/Records$RoadSegmentPlacement with maxs=true frames=true
[Architectury Transformer DEBUG] Writing net/shiroha233/roadweaver/helpers/StructureConnector with maxs=true frames=true
[Architectury Transformer DEBUG] Writing net/shiroha233/roadweaver/helpers/Records$SpanType with maxs=true frames=true
[Architectury Transformer DEBUG] Writing net/shiroha233/roadweaver/helpers/Records with maxs=true frames=true
[Architectury Transformer DEBUG] Writing net/shiroha233/roadweaver/helpers/Records$StructureInfo with maxs=true frames=true
[Architectury Transformer DEBUG] Writing net/shiroha233/roadweaver/helpers/Records$WoodAssets with maxs=true frames=true
[Architectury Transformer DEBUG] Writing net/shiroha233/roadweaver/helpers/Records$StructureConnection with maxs=true frames=true
[Architectury Transformer DEBUG] Writing net/shiroha233/roadweaver/helpers/Records$StructureLocationData with maxs=true frames=true
[Architectury Transformer DEBUG] Writing net/shiroha233/roadweaver/generation/InitialGenManager with maxs=true frames=true
[Architectury Transformer DEBUG] Writing net/shiroha233/roadweaver/generation/RoadGenerationService with maxs=true frames=true
[Architectury Transformer DEBUG] Writing net/shiroha233/roadweaver/generation/InitialGenManager$1 with maxs=true frames=true
[Architectury Transformer DEBUG] Writing net/shiroha233/roadweaver/features/RoadFeature with maxs=true frames=true
[Architectury Transformer DEBUG] Writing net/shiroha233/roadweaver/features/roadlogic/surface/HeightProfileService$HeightProfile with maxs=true frames=true
[Architectury Transformer DEBUG] Writing net/shiroha233/roadweaver/features/roadlogic/surface/HeightProfileService with maxs=true frames=true
[Architectury Transformer DEBUG] Writing net/shiroha233/roadweaver/features/roadlogic/surface/BridgeTransitionAdjuster with maxs=true frames=true
[Architectury Transformer DEBUG] Writing net/shiroha233/roadweaver/features/roadlogic/pathfinding/BasicAStarPathfinder with maxs=true frames=true
[Architectury Transformer DEBUG] Writing net/shiroha233/roadweaver/features/roadlogic/pathfinding/PathPostProcessor with maxs=true frames=true
[Architectury Transformer DEBUG] Writing net/shiroha233/roadweaver/features/roadlogic/pathfinding/TerrainSamplingCache with maxs=true frames=true
[Architectury Transformer DEBUG] Writing net/shiroha233/roadweaver/features/roadlogic/pathfinding/BidirectionalAStarPathfinder$Node with maxs=true frames=true
[Architectury Transformer DEBUG] Writing net/shiroha233/roadweaver/features/roadlogic/pathfinding/GradientDescentPathfinder$Node with maxs=true frames=true
[Architectury Transformer DEBUG] Writing net/shiroha233/roadweaver/features/roadlogic/pathfinding/BidirectionalAStarPathfinder with maxs=true frames=true
[Architectury Transformer DEBUG] Writing net/shiroha233/roadweaver/features/roadlogic/pathfinding/RoadPathCalculator with maxs=true frames=true
[Architectury Transformer DEBUG] Writing net/shiroha233/roadweaver/features/roadlogic/pathfinding/BasicAStarPathfinder$Node with maxs=true frames=true
[Architectury Transformer DEBUG] Writing net/shiroha233/roadweaver/features/roadlogic/pathfinding/PathPostProcessor$Vec2d with maxs=true frames=true
[Architectury Transformer DEBUG] Writing net/shiroha233/roadweaver/features/roadlogic/pathfinding/GradientDescentPathfinder with maxs=true frames=true
[Architectury Transformer DEBUG] Writing net/shiroha233/roadweaver/features/roadlogic/pathfinding/BidirectionalAStarPathfinder$Meet with maxs=true frames=true
[Architectury Transformer DEBUG] Writing net/shiroha233/roadweaver/features/roadlogic/core/Road with maxs=true frames=true
[Architectury Transformer DEBUG] Writing net/shiroha233/roadweaver/features/roadlogic/core/SegmentPaver with maxs=true frames=true
[Architectury Transformer DEBUG] Writing net/shiroha233/roadweaver/features/roadlogic/core/RoadDirection with maxs=true frames=true
[Architectury Transformer DEBUG] Writing net/shiroha233/roadweaver/features/roadlogic/bridge/BridgeRangeCalculator$RangeResult with maxs=true frames=true
[Architectury Transformer DEBUG] Writing net/shiroha233/roadweaver/features/roadlogic/bridge/BridgeSegmentPlanner with maxs=true frames=true
[Architectury Transformer DEBUG] Writing net/shiroha233/roadweaver/features/roadlogic/bridge/BridgeRangeCalculator with maxs=true frames=true
[Architectury Transformer DEBUG] Writing net/shiroha233/roadweaver/features/roadlogic/bridge/BridgeSegmentPlanner$Context with maxs=true frames=true
[Architectury Transformer DEBUG] Writing net/shiroha233/roadweaver/features/decoration/types/FenceWaypointDecoration with maxs=true frames=true
[Architectury Transformer DEBUG] Writing net/shiroha233/roadweaver/features/decoration/types/LanternPostDecoration with maxs=true frames=true
[Architectury Transformer DEBUG] Writing net/shiroha233/roadweaver/features/decoration/types/DistanceSignDecoration with maxs=true frames=true
[Architectury Transformer DEBUG] Writing net/shiroha233/roadweaver/features/decoration/types/LamppostDecoration with maxs=true frames=true
[Architectury Transformer DEBUG] Writing net/shiroha233/roadweaver/features/decoration/text/SignTextService with maxs=true frames=true
[Architectury Transformer DEBUG] Writing net/shiroha233/roadweaver/features/decoration/system/DecorationExecutor with maxs=true frames=true
[Architectury Transformer DEBUG] Writing net/shiroha233/roadweaver/features/decoration/system/ArtificialDecorationSystem with maxs=true frames=true
[Architectury Transformer DEBUG] Writing net/shiroha233/roadweaver/features/decoration/system/DecorationPlanner$Mode with maxs=true frames=true
[Architectury Transformer DEBUG] Writing net/shiroha233/roadweaver/features/decoration/system/RoadBlockPlacer with maxs=true frames=true
[Architectury Transformer DEBUG] Writing net/shiroha233/roadweaver/features/decoration/system/AboveColumnClearer with maxs=true frames=true
[Architectury Transformer DEBUG] Writing net/shiroha233/roadweaver/features/decoration/system/NaturalDecorationSystem with maxs=true frames=true
[Architectury Transformer DEBUG] Writing net/shiroha233/roadweaver/features/decoration/system/DecorationPlanner with maxs=true frames=true
[Architectury Transformer DEBUG] Writing net/shiroha233/roadweaver/features/decoration/system/SurfacePlacementUtil with maxs=true frames=true
[Architectury Transformer DEBUG] Writing net/shiroha233/roadweaver/features/decoration/system/TreeRemovalUtil with maxs=true frames=true
[Architectury Transformer DEBUG] Writing net/shiroha233/roadweaver/features/decoration/system/PlacementRules with maxs=true frames=true
[Architectury Transformer DEBUG] Writing net/shiroha233/roadweaver/features/decoration/material/wood/WoodTrapdoorMapper with maxs=true frames=true
[Architectury Transformer DEBUG] Writing net/shiroha233/roadweaver/features/decoration/material/wood/BiomeWoodAware with maxs=true frames=true
[Architectury Transformer DEBUG] Writing net/shiroha233/roadweaver/features/decoration/material/wood/WoodSelector with maxs=true frames=true
[Architectury Transformer DEBUG] Writing net/shiroha233/roadweaver/features/decoration/material/surface/BiomeRoadMaterialSelector with maxs=true frames=true
[Architectury Transformer DEBUG] Writing net/shiroha233/roadweaver/features/decoration/compat/RoadFeatureCompat with maxs=true frames=true
[Architectury Transformer DEBUG] Writing net/shiroha233/roadweaver/features/decoration/base/OrientedDecoration with maxs=true frames=true
[Architectury Transformer DEBUG] Writing net/shiroha233/roadweaver/features/decoration/base/OrientedDecoration$DirectionProperties with maxs=true frames=true
[Architectury Transformer DEBUG] Writing net/shiroha233/roadweaver/features/decoration/base/Decoration with maxs=true frames=true
[Architectury Transformer DEBUG] Writing net/shiroha233/roadweaver/features/config/RoadFeatureConfig with maxs=true frames=true
[Architectury Transformer DEBUG] Writing net/shiroha233/roadweaver/features/bridge/BridgeBuilder with maxs=true frames=true
[Architectury Transformer DEBUG] Writing net/shiroha233/roadweaver/config/ConfigService with maxs=true frames=true
[Architectury Transformer DEBUG] Writing net/shiroha233/roadweaver/config/ModConfig with maxs=true frames=true
[Architectury Transformer DEBUG] Writing net/shiroha233/roadweaver/config/ModConfig$PlanningAlgorithm with maxs=true frames=true
[Architectury Transformer DEBUG] Writing net/shiroha233/roadweaver/config/PresetService$PresetFile with maxs=true frames=true
[Architectury Transformer DEBUG] Writing net/shiroha233/roadweaver/config/PresetService with maxs=true frames=true
[Architectury Transformer DEBUG] Writing net/shiroha233/roadweaver/config/PresetConfig with maxs=true frames=true
[Architectury Transformer DEBUG] Writing net/shiroha233/roadweaver/config/PresetService$PresetDef with maxs=true frames=true
[Architectury Transformer DEBUG] Writing net/shiroha233/roadweaver/config/ModConfig$PathfindingAlgorithm with maxs=true frames=true
[Architectury Transformer DEBUG] Writing net/shiroha233/roadweaver/client/ConfigScreenFactory with maxs=true frames=true
[Architectury Transformer DEBUG] Writing net/shiroha233/roadweaver/client/tips/LoadingTipsRenderer with maxs=true frames=true
[Architectury Transformer DEBUG] Writing net/shiroha233/roadweaver/client/map/MapDataCollector with maxs=true frames=true
[Architectury Transformer DEBUG] Writing net/shiroha233/roadweaver/client/map/MapRenderers with maxs=true frames=true
[Architectury Transformer DEBUG] Writing net/shiroha233/roadweaver/client/map/GridRenderer with maxs=true frames=true
[Architectury Transformer DEBUG] Writing net/shiroha233/roadweaver/client/map/MapSnapshot with maxs=true frames=true
[Architectury Transformer DEBUG] Writing net/shiroha233/roadweaver/client/map/RoadMapScreen with maxs=true frames=true
[Architectury Transformer DEBUG] Writing net/shiroha233/roadweaver/client/map/MapSnapshotCache with maxs=true frames=true
[Architectury Transformer DEBUG] Writing net/shiroha233/roadweaver/client/map/MapRenderers$SegmentInView with maxs=true frames=true
[Architectury Transformer DEBUG] Writing net/shiroha233/roadweaver/client/map/MapContextMenu with maxs=true frames=true
[Architectury Transformer DEBUG] Writing net/shiroha233/roadweaver/client/map/MapInteraction with maxs=true frames=true
[Architectury Transformer DEBUG] Writing net/shiroha233/roadweaver/client/map/MapView with maxs=true frames=true
[Architectury Transformer DEBUG] Writing net/shiroha233/roadweaver/client/map/RenderUtils with maxs=true frames=true
[Architectury Transformer DEBUG] Writing net/shiroha233/roadweaver/client/map/MapRenderers$1 with maxs=true frames=true
[Architectury Transformer DEBUG] Writing net/shiroha233/roadweaver/client/map/ui/ContextMenu with maxs=true frames=true
[Architectury Transformer DEBUG] Writing net/shiroha233/roadweaver/client/map/ui/ContextMenu$Item with maxs=true frames=true
[Architectury Transformer DEBUG] Writing net/shiroha233/roadweaver/client/map/ui/SimpleTextInputScreen with maxs=true frames=true
[Architectury Transformer DEBUG] Writing net/shiroha233/roadweaver/client/map/data/ClientMapNotes with maxs=true frames=true
[Architectury Transformer DEBUG] Writing net/shiroha233/roadweaver/client/config/MaterialPresetEditorScreen$UiPreset with maxs=true frames=true
[Architectury Transformer DEBUG] Writing net/shiroha233/roadweaver/client/config/MaterialPresetEditorScreen$TargetList with maxs=true frames=true
[Architectury Transformer DEBUG] Writing net/shiroha233/roadweaver/client/config/MaterialPresetEditorScreen with maxs=true frames=true
[Architectury Transformer DEBUG] Writing net/shiroha233/roadweaver/api/RoadNetworkApi with maxs=true frames=true
[Architectury Transformer DEBUG] Closed File Systems for C:\Users\shiroha\Desktop\GITHUB\RoadWeaver\common\build\libs\roadweaver-common-2.0.4-1.20.1-BETA-transformProductionFabric.jar
[Architectury Transformer] Transformed jar with 5 transformer(s) in 1.218 s
[Architectury Transformer DEBUG] 
[Architectury Transformer DEBUG] ============================
[Architectury Transformer DEBUG] Transforming from C:\Users\shiroha\Desktop\GITHUB\RoadWeaver\common\build\devlibs\roadweaver-common-2.0.4-1.20.1-BETA-dev.jar to C:\Users\shiroha\Desktop\GITHUB\RoadWeaver\common\build\libs\roadweaver-common-2.0.4-1.20.1-BETA-transformProductionForge.jar
[Architectury Transformer DEBUG] ============================
[Architectury Transformer DEBUG] 
[Architectury Transformer DEBUG] Transforming 7 transformer(s) from C:\Users\shiroha\Desktop\GITHUB\RoadWeaver\common\build\devlibs\roadweaver-common-2.0.4-1.20.1-BETA-dev.jar to C:\Users\shiroha\Desktop\GITHUB\RoadWeaver\common\build\libs\roadweaver-common-2.0.4-1.20.1-BETA-transformProductionForge.jar: 
[Architectury Transformer DEBUG]  - dev.architectury.transformer.transformers.TransformExpectPlatform@7e367a16
[Architectury Transformer DEBUG]  - dev.architectury.transformer.transformers.RemapInjectables@63891669
[Architectury Transformer DEBUG]  - AddRefmapName(enabled=() -> kotlin.Boolean)
[Architectury Transformer DEBUG]  - dev.architectury.transformer.transformers.TransformPlatformOnly@1c44719e
[Architectury Transformer DEBUG]  - dev.architectury.transformer.transformers.TransformForgeAnnotations@69b07e78
[Architectury Transformer DEBUG]  - dev.architectury.transformer.transformers.TransformForgeEnvironment@3c759ed2
[Architectury Transformer DEBUG]  - dev.architectury.transformer.transformers.FixForgeMixin@693764fb
[Architectury Transformer DEBUG] Transforming from C:\Users\shiroha\Desktop\GITHUB\RoadWeaver\common\build\devlibs\roadweaver-common-2.0.4-1.20.1-BETA-dev.jar to C:\Users\shiroha\Desktop\GITHUB\RoadWeaver\common\build\libs\roadweaver-common-2.0.4-1.20.1-BETA-transformProductionForge.jar with 7 transformer(s) on dev.architectury.transformer.handler.SimpleTransformerHandler
[Architectury Transformer DEBUG] Reading mixin mappings file: C:\Users\shiroha\Desktop\GITHUB\RoadWeaver\fabric\build\loom-cache\mixin-map-loom.mappings.1_20_1.layered+hash.40359-v2.main.tiny
[Architectury Transformer DEBUG] Remapping with 2 mapping provider(s):
[Architectury Transformer DEBUG]  - dev.architectury.transformer.transformers.TransformForgeEnvironment$$Lambda/0x000002319ff56a00@564030c2
[Architectury Transformer DEBUG]  - dev.architectury.transformer.transformers.TransformForgeEnvironment$$Lambda/0x000002319ff56c18@12783d3c
[Architectury Transformer DEBUG] Provided 59 classpath jar(s):
[Architectury Transformer DEBUG]  - C:\Users\shiroha\scoop\apps\gradle\current\.gradle\caches\modules-2\files-2.1\dev.architectury\architectury-injectables\1.0.10\62db2a366d662606d1b23ad02ccc3212ed37ec3\architectury-injectables-1.0.10.jar
[Architectury Transformer DEBUG]  - C:\Users\shiroha\scoop\apps\gradle\current\.gradle\caches\modules-2\files-2.1\net.fabricmc\fabric-loader\0.18.1\2f1cf1fa62e868562f522698cce909fa1c474d36\fabric-loader-0.18.1.jar
[Architectury Transformer DEBUG]  - C:\Users\shiroha\scoop\apps\gradle\current\.gradle\caches\modules-2\files-2.1\org.jetbrains\annotations\24.1.0\7af6a669488450c4a07c2c3254e2151df42d7d04\annotations-24.1.0.jar
[Architectury Transformer DEBUG]  - C:\Users\shiroha\scoop\apps\gradle\current\.gradle\caches\modules-2\files-2.1\net.fabricmc\tiny-mappings-parser\0.3.0+build.17\2f10540a290e382a7cd35c16ec3900046a4e252\tiny-mappings-parser-0.3.0+build.17.jar
[Architectury Transformer DEBUG]  - C:\Users\shiroha\scoop\apps\gradle\current\.gradle\caches\modules-2\files-2.1\net.fabricmc\sponge-mixin\0.12.5+mixin.0.8.5\8d31fb97c3e0cd7c8dad3441851c523bcfae6d8e\sponge-mixin-0.12.5+mixin.0.8.5.jar
[Architectury Transformer DEBUG]  - C:\Users\shiroha\scoop\apps\gradle\current\.gradle\caches\modules-2\files-2.1\net.fabricmc\tiny-remapper\0.8.2\2cc6565989469ec38893bfb7802b31c0d0d11ea0\tiny-remapper-0.8.2.jar
[Architectury Transformer DEBUG]  - C:\Users\shiroha\scoop\apps\gradle\current\.gradle\caches\modules-2\files-2.1\net.fabricmc\access-widener\2.1.0\f62a27adbfd8ab4d4fa5681793039f2c0b177155\access-widener-2.1.0.jar
[Architectury Transformer DEBUG]  - C:\Users\shiroha\scoop\apps\gradle\current\.gradle\caches\modules-2\files-2.1\org.ow2.asm\asm\9.5\dc6ea1875f4d64fbc85e1691c95b96a3d8569c90\asm-9.5.jar
[Architectury Transformer DEBUG]  - C:\Users\shiroha\scoop\apps\gradle\current\.gradle\caches\modules-2\files-2.1\org.ow2.asm\asm-analysis\9.5\490bacc77de7cbc0be1a30bb3471072d705be4a4\asm-analysis-9.5.jar
[Architectury Transformer DEBUG]  - C:\Users\shiroha\scoop\apps\gradle\current\.gradle\caches\modules-2\files-2.1\org.ow2.asm\asm-commons\9.5\19ab5b5800a3910d30d3a3e64fdb00fd0cb42de0\asm-commons-9.5.jar
[Architectury Transformer DEBUG]  - C:\Users\shiroha\scoop\apps\gradle\current\.gradle\caches\modules-2\files-2.1\org.ow2.asm\asm-tree\9.5\fd33c8b6373abaa675be407082fdfda35021254a\asm-tree-9.5.jar
[Architectury Transformer DEBUG]  - C:\Users\shiroha\scoop\apps\gradle\current\.gradle\caches\modules-2\files-2.1\org.ow2.asm\asm-util\9.5\64b5a1fc8c1b15ed2efd6a063e976bc8d3dc5ffe\asm-util-9.5.jar
[Architectury Transformer DEBUG]  - C:\Users\shiroha\scoop\apps\gradle\current\.gradle\caches\modules-2\files-2.1\com.github.oshi\oshi-core\6.2.2\54f5efc19bca95d709d9a37d19ffcbba3d21c1a6\oshi-core-6.2.2.jar
[Architectury Transformer DEBUG]  - C:\Users\shiroha\scoop\apps\gradle\current\.gradle\caches\modules-2\files-2.1\com.google.code.gson\gson\2.10\dd9b193aef96e973d5a11ab13cd17430c2e4306b\gson-2.10.jar
[Architectury Transformer DEBUG]  - C:\Users\shiroha\scoop\apps\gradle\current\.gradle\caches\modules-2\files-2.1\com.google.guava\failureaccess\1.0.1\1dcf1de382a0bf95a3d8b0849546c88bac1292c9\failureaccess-1.0.1.jar
[Architectury Transformer DEBUG]  - C:\Users\shiroha\scoop\apps\gradle\current\.gradle\caches\modules-2\files-2.1\com.google.guava\guava\31.1-jre\60458f877d055d0c9114d9e1a2efb737b4bc282c\guava-31.1-jre.jar
[Architectury Transformer DEBUG]  - C:\Users\shiroha\scoop\apps\gradle\current\.gradle\caches\modules-2\files-2.1\com.ibm.icu\icu4j\71.1\9e7d3304c23f9ba5cb71915f7cce23231a57a445\icu4j-71.1.jar
[Architectury Transformer DEBUG]  - C:\Users\shiroha\scoop\apps\gradle\current\.gradle\caches\modules-2\files-2.1\com.mojang\authlib\4.0.43\2ff9d747a77570a07a60d32ac77eb6162ad2a2d9\authlib-4.0.43.jar
[Architectury Transformer DEBUG]  - C:\Users\shiroha\scoop\apps\gradle\current\.gradle\caches\modules-2\files-2.1\com.mojang\blocklist\1.0.10\5c685c5ffa94c4cd39496c7184c1d122e515ecef\blocklist-1.0.10.jar
[Architectury Transformer DEBUG]  - C:\Users\shiroha\scoop\apps\gradle\current\.gradle\caches\modules-2\files-2.1\com.mojang\brigadier\1.1.8\5244ce82c3337bba4a196a3ce858bfaecc74404a\brigadier-1.1.8.jar
[Architectury Transformer DEBUG]  - C:\Users\shiroha\scoop\apps\gradle\current\.gradle\caches\modules-2\files-2.1\com.mojang\datafixerupper\6.0.8\3ba4a30557a9b057760af4011f909ba619fc5125\datafixerupper-6.0.8.jar
[Architectury Transformer DEBUG]  - C:\Users\shiroha\scoop\apps\gradle\current\.gradle\caches\modules-2\files-2.1\com.mojang\logging\1.1.1\832b8e6674a9b325a5175a3a6267dfaf34c85139\logging-1.1.1.jar
[Architectury Transformer DEBUG]  - C:\Users\shiroha\scoop\apps\gradle\current\.gradle\caches\modules-2\files-2.1\com.mojang\patchy\2.2.10\da05971b07cbb379d002cf7eaec6a2048211fefc\patchy-2.2.10.jar
[Architectury Transformer DEBUG]  - C:\Users\shiroha\scoop\apps\gradle\current\.gradle\caches\modules-2\files-2.1\com.mojang\text2speech\1.17.9\3cad216e3a7f0c19b4b394388bc9ffc446f13b14\text2speech-1.17.9.jar
[Architectury Transformer DEBUG]  - C:\Users\shiroha\scoop\apps\gradle\current\.gradle\caches\modules-2\files-2.1\commons-codec\commons-codec\1.15\49d94806b6e3dc933dacbd8acb0fdbab8ebd1e5d\commons-codec-1.15.jar
[Architectury Transformer DEBUG]  - C:\Users\shiroha\scoop\apps\gradle\current\.gradle\caches\modules-2\files-2.1\commons-io\commons-io\2.11.0\a2503f302b11ebde7ebc3df41daebe0e4eea3689\commons-io-2.11.0.jar
[Architectury Transformer DEBUG]  - C:\Users\shiroha\scoop\apps\gradle\current\.gradle\caches\modules-2\files-2.1\commons-logging\commons-logging\1.2\4bfc12adfe4842bf07b657f0369c4cb522955686\commons-logging-1.2.jar
[Architectury Transformer DEBUG]  - C:\Users\shiroha\scoop\apps\gradle\current\.gradle\caches\modules-2\files-2.1\io.netty\netty-buffer\4.1.82.Final\a544270cf1ae8b8077082f5036436a9a9971ea71\netty-buffer-4.1.82.Final.jar
[Architectury Transformer DEBUG]  - C:\Users\shiroha\scoop\apps\gradle\current\.gradle\caches\modules-2\files-2.1\io.netty\netty-codec\4.1.82.Final\b77200379acb345a9ffdece1c605e591ac3e4e0a\netty-codec-4.1.82.Final.jar
[Architectury Transformer DEBUG]  - C:\Users\shiroha\scoop\apps\gradle\current\.gradle\caches\modules-2\files-2.1\io.netty\netty-common\4.1.82.Final\22d148e85c3f5ebdacc0ce1f5aabb1d420f73f3\netty-common-4.1.82.Final.jar
[Architectury Transformer DEBUG]  - C:\Users\shiroha\scoop\apps\gradle\current\.gradle\caches\modules-2\files-2.1\io.netty\netty-handler\4.1.82.Final\644041d1fa96a5d3130a29e8978630d716d76e38\netty-handler-4.1.82.Final.jar
[Architectury Transformer DEBUG]  - C:\Users\shiroha\scoop\apps\gradle\current\.gradle\caches\modules-2\files-2.1\io.netty\netty-resolver\4.1.82.Final\38f665ae8dcd29032eea31245ba7806bed2e0fa8\netty-resolver-4.1.82.Final.jar
[Architectury Transformer DEBUG]  - C:\Users\shiroha\scoop\apps\gradle\current\.gradle\caches\modules-2\files-2.1\io.netty\netty-transport-classes-epoll\4.1.82.Final\e7c7dd18deac93105797f30057c912651ea76521\netty-transport-classes-epoll-4.1.82.Final.jar
[Architectury Transformer DEBUG]  - C:\Users\shiroha\scoop\apps\gradle\current\.gradle\caches\modules-2\files-2.1\io.netty\netty-transport-native-unix-common\4.1.82.Final\3e895b35ca1b8a0eca56cacff4c2dde5d2c6abce\netty-transport-native-unix-common-4.1.82.Final.jar
[Architectury Transformer DEBUG]  - C:\Users\shiroha\scoop\apps\gradle\current\.gradle\caches\modules-2\files-2.1\io.netty\netty-transport\4.1.82.Final\e431a218d91acb6476ccad5f5aafde50aa3945ca\netty-transport-4.1.82.Final.jar
[Architectury Transformer DEBUG]  - C:\Users\shiroha\scoop\apps\gradle\current\.gradle\caches\modules-2\files-2.1\it.unimi.dsi\fastutil\8.5.9\bb7ea75ecdb216654237830b3a96d87ad91f8cc5\fastutil-8.5.9.jar
[Architectury Transformer DEBUG]  - C:\Users\shiroha\scoop\apps\gradle\current\.gradle\caches\modules-2\files-2.1\net.java.dev.jna\jna-platform\5.12.1\97406a297c852f4a41e688a176ec675f72e8329\jna-platform-5.12.1.jar
[Architectury Transformer DEBUG]  - C:\Users\shiroha\scoop\apps\gradle\current\.gradle\caches\modules-2\files-2.1\net.java.dev.jna\jna\5.12.1\b1e93a735caea94f503e95e6fe79bf9cdc1e985d\jna-5.12.1.jar
[Architectury Transformer DEBUG]  - C:\Users\shiroha\scoop\apps\gradle\current\.gradle\caches\modules-2\files-2.1\net.sf.jopt-simple\jopt-simple\5.0.4\4fdac2fbe92dfad86aa6e9301736f6b4342a3f5c\jopt-simple-5.0.4.jar
[Architectury Transformer DEBUG]  - C:\Users\shiroha\scoop\apps\gradle\current\.gradle\caches\modules-2\files-2.1\org.apache.commons\commons-compress\1.21\4ec95b60d4e86b5c95a0e919cb172a0af98011ef\commons-compress-1.21.jar
[Architectury Transformer DEBUG]  - C:\Users\shiroha\scoop\apps\gradle\current\.gradle\caches\modules-2\files-2.1\org.apache.commons\commons-lang3\3.12.0\c6842c86792ff03b9f1d1fe2aab8dc23aa6c6f0e\commons-lang3-3.12.0.jar
[Architectury Transformer DEBUG]  - C:\Users\shiroha\scoop\apps\gradle\current\.gradle\caches\modules-2\files-2.1\org.apache.httpcomponents\httpclient\4.5.13\e5f6cae5ca7ecaac1ec2827a9e2d65ae2869cada\httpclient-4.5.13.jar
[Architectury Transformer DEBUG]  - C:\Users\shiroha\scoop\apps\gradle\current\.gradle\caches\modules-2\files-2.1\org.apache.httpcomponents\httpcore\4.4.15\7f2e0c573eaa7a74bac2e89b359e1f73d92a0a1d\httpcore-4.4.15.jar
[Architectury Transformer DEBUG]  - C:\Users\shiroha\scoop\apps\gradle\current\.gradle\caches\modules-2\files-2.1\org.apache.logging.log4j\log4j-api\2.19.0\ea1b37f38c327596b216542bc636cfdc0b8036fa\log4j-api-2.19.0.jar
[Architectury Transformer DEBUG]  - C:\Users\shiroha\scoop\apps\gradle\current\.gradle\caches\modules-2\files-2.1\org.apache.logging.log4j\log4j-core\2.19.0\3b6eeb4de4c49c0fe38a4ee27188ff5fee44d0bb\log4j-core-2.19.0.jar
[Architectury Transformer DEBUG]  - C:\Users\shiroha\scoop\apps\gradle\current\.gradle\caches\modules-2\files-2.1\org.apache.logging.log4j\log4j-slf4j2-impl\2.19.0\5c04bfdd63ce9dceb2e284b81e96b6a70010ee10\log4j-slf4j2-impl-2.19.0.jar
[Architectury Transformer DEBUG]  - C:\Users\shiroha\scoop\apps\gradle\current\.gradle\caches\modules-2\files-2.1\org.joml\joml\1.10.5\22566d58af70ad3d72308bab63b8339906deb649\joml-1.10.5.jar
[Architectury Transformer DEBUG]  - C:\Users\shiroha\scoop\apps\gradle\current\.gradle\caches\modules-2\files-2.1\org.lwjgl\lwjgl-glfw\3.3.1\cbac1b8d30cb4795149c1ef540f912671a8616d0\lwjgl-glfw-3.3.1.jar
[Architectury Transformer DEBUG]  - C:\Users\shiroha\scoop\apps\gradle\current\.gradle\caches\modules-2\files-2.1\org.lwjgl\lwjgl-jemalloc\3.3.1\a817bcf213db49f710603677457567c37d53e103\lwjgl-jemalloc-3.3.1.jar
[Architectury Transformer DEBUG]  - C:\Users\shiroha\scoop\apps\gradle\current\.gradle\caches\modules-2\files-2.1\org.lwjgl\lwjgl-openal\3.3.1\2623a6b8ae1dfcd880738656a9f0243d2e6840bd\lwjgl-openal-3.3.1.jar
[Architectury Transformer DEBUG]  - C:\Users\shiroha\scoop\apps\gradle\current\.gradle\caches\modules-2\files-2.1\org.lwjgl\lwjgl-opengl\3.3.1\831a5533a21a5f4f81bbc51bb13e9899319b5411\lwjgl-opengl-3.3.1.jar
[Architectury Transformer DEBUG]  - C:\Users\shiroha\scoop\apps\gradle\current\.gradle\caches\modules-2\files-2.1\org.lwjgl\lwjgl-stb\3.3.1\b119297cf8ed01f247abe8685857f8e7fcf5980f\lwjgl-stb-3.3.1.jar
[Architectury Transformer DEBUG]  - C:\Users\shiroha\scoop\apps\gradle\current\.gradle\caches\modules-2\files-2.1\org.lwjgl\lwjgl-tinyfd\3.3.1\ff1914111ef2e3e0110ef2dabc8d8cdaad82347\lwjgl-tinyfd-3.3.1.jar
[Architectury Transformer DEBUG]  - C:\Users\shiroha\scoop\apps\gradle\current\.gradle\caches\modules-2\files-2.1\org.lwjgl\lwjgl\3.3.1\ae58664f88e18a9bb2c77b063833ca7aaec484cb\lwjgl-3.3.1.jar
[Architectury Transformer DEBUG]  - C:\Users\shiroha\scoop\apps\gradle\current\.gradle\caches\modules-2\files-2.1\org.slf4j\slf4j-api\2.0.1\f48d81adce2abf5ad3cfe463df517952749e03bc\slf4j-api-2.0.1.jar
[Architectury Transformer DEBUG]  - C:\Users\shiroha\Desktop\GITHUB\RoadWeaver\.gradle\loom-cache\minecraftMaven\net\minecraft\minecraft-merged-3760f957dc\1.20.1-loom.mappings.1_20_1.layered+hash.40359-v2\minecraft-merged-3760f957dc-1.20.1-loom.mappings.1_20_1.layered+hash.40359-v2.jar
[Architectury Transformer DEBUG]  - C:\Users\shiroha\scoop\apps\gradle\current\.gradle\caches\modules-2\files-2.1\io.netty\netty-transport-native-epoll\4.1.82.Final\c7350a71920f3ae9142945e25fed4846cce53374\netty-transport-native-epoll-4.1.82.Final-linux-x86_64.jar
[Architectury Transformer DEBUG]  - C:\Users\shiroha\scoop\apps\gradle\current\.gradle\caches\modules-2\files-2.1\io.netty\netty-transport-native-epoll\4.1.82.Final\476409d6255001ca53a55f65b01c13822f8dc93a\netty-transport-native-epoll-4.1.82.Final-linux-aarch_64.jar
[Architectury Transformer DEBUG]  - C:\Users\shiroha\Desktop\GITHUB\RoadWeaver\.gradle\loom-cache\remapped_mods\loom_mappings_1_20_1_layered_hash_40359_v2\dev\architectury\architectury\9.2.14\architectury-9.2.14.jar
[Architectury Transformer] Read classpath in 755.4 ms
[Architectury Transformer DEBUG] Remapping Classes:
[Architectury Transformer DEBUG] net/fabricmc/api/EnvType -> net/minecraftforge/api/distmarker/Dist
[Architectury Transformer DEBUG] net/fabricmc/api/Environment -> net/minecraftforge/api/distmarker/OnlyIn
[Architectury Transformer DEBUG] Found class transformer
[Architectury Transformer DEBUG] Writing net/shiroha233/roadweaver/util/ComputeService with maxs=true frames=true
[Architectury Transformer DEBUG] Writing net/shiroha233/roadweaver/structures/StructureSystem with maxs=true frames=true
[Architectury Transformer DEBUG] Writing net/shiroha233/roadweaver/structures/spawn/SpawnCabinService with maxs=true frames=true
[Architectury Transformer DEBUG] Writing net/shiroha233/roadweaver/structures/spawn/SpawnCabinService$StructureBlueprints with maxs=true frames=true
[Architectury Transformer DEBUG] Writing net/shiroha233/roadweaver/structures/pipeline/StructurePlacer$1 with maxs=true frames=true
[Architectury Transformer DEBUG] Writing net/shiroha233/roadweaver/structures/pipeline/StructurePlacer with maxs=true frames=true
[Architectury Transformer DEBUG] Writing net/shiroha233/roadweaver/structures/model/StructureInstance with maxs=true frames=true
[Architectury Transformer DEBUG] Writing net/shiroha233/roadweaver/structures/interop/RoadInteropBridge with maxs=true frames=true
[Architectury Transformer DEBUG] Writing net/shiroha233/roadweaver/structures/index/StructureIndex with maxs=true frames=true
[Architectury Transformer DEBUG] Writing net/shiroha233/roadweaver/structures/index/ChunkStructureIndex with maxs=true frames=true
[Architectury Transformer DEBUG] Writing net/shiroha233/roadweaver/structures/index/StructureIndexRestorer with maxs=true frames=true
[Architectury Transformer DEBUG] Writing net/shiroha233/roadweaver/structures/blend/BlendPlan with maxs=true frames=true
[Architectury Transformer DEBUG] Writing net/shiroha233/roadweaver/structures/blend/TerrainBlender with maxs=true frames=true
[Architectury Transformer DEBUG] Writing net/shiroha233/roadweaver/structures/api/StructureConnector with maxs=true frames=true
[Architectury Transformer DEBUG] Writing net/shiroha233/roadweaver/structures/api/StructureBlueprint with maxs=true frames=true
[Architectury Transformer DEBUG] Writing net/shiroha233/roadweaver/structures/api/StructureVariant with maxs=true frames=true
[Architectury Transformer DEBUG] Writing net/shiroha233/roadweaver/structures/api/SpawnRule with maxs=true frames=true
[Architectury Transformer DEBUG] Writing net/shiroha233/roadweaver/structures/api/FoundationType with maxs=true frames=true
[Architectury Transformer DEBUG] Writing net/shiroha233/roadweaver/structures/api/BlendProfile with maxs=true frames=true
[Architectury Transformer DEBUG] Writing net/shiroha233/roadweaver/search/StructurePredictor with maxs=true frames=true
[Architectury Transformer DEBUG] Writing net/shiroha233/roadweaver/search/StructureVerificationService with maxs=true frames=true
[Architectury Transformer DEBUG] Writing net/shiroha233/roadweaver/search/StructurePredictor$Filters with maxs=true frames=true
[Architectury Transformer DEBUG] Writing net/shiroha233/roadweaver/runtime/ThreadPoolManager with maxs=true frames=true
[Architectury Transformer DEBUG] Writing net/shiroha233/roadweaver/planning/KNNPlanner$1 with maxs=true frames=true
[Architectury Transformer DEBUG] Writing net/shiroha233/roadweaver/planning/KNNPlanner$1Pair with maxs=true frames=true
[Architectury Transformer DEBUG] Writing net/shiroha233/roadweaver/planning/DelaunayPlanner$Bounds with maxs=true frames=true
[Architectury Transformer DEBUG] Writing net/shiroha233/roadweaver/planning/DelaunayPlanner$Edge with maxs=true frames=true
[Architectury Transformer DEBUG] Writing net/shiroha233/roadweaver/planning/PlanningUtils with maxs=true frames=true
[Architectury Transformer DEBUG] Writing net/shiroha233/roadweaver/planning/KNNPlanner with maxs=true frames=true
[Architectury Transformer DEBUG] Writing net/shiroha233/roadweaver/planning/RNGPlanner with maxs=true frames=true
[Architectury Transformer DEBUG] Writing net/shiroha233/roadweaver/planning/RoadPlanningService with maxs=true frames=true
[Architectury Transformer DEBUG] Writing net/shiroha233/roadweaver/planning/DelaunayPlanner$Vertex with maxs=true frames=true
[Architectury Transformer DEBUG] Writing net/shiroha233/roadweaver/planning/DelaunayPlanner with maxs=true frames=true
[Architectury Transformer DEBUG] Writing net/shiroha233/roadweaver/planning/DelaunayPlanner$Tri with maxs=true frames=true
[Architectury Transformer DEBUG] Writing net/shiroha233/roadweaver/planning/KNNPlanner$Neighbor with maxs=true frames=true
[Architectury Transformer DEBUG] Writing net/shiroha233/roadweaver/persistence/WorldDataProvider with maxs=true frames=true
[Architectury Transformer DEBUG] Writing net/shiroha233/roadweaver/persistence/sharded/RoadShardStorage$1 with maxs=true frames=true
[Architectury Transformer DEBUG] Writing net/shiroha233/roadweaver/persistence/sharded/RoadShardStorage$Shard with maxs=true frames=true
[Architectury Transformer DEBUG] Writing net/shiroha233/roadweaver/persistence/sharded/RoadShardStorage with maxs=true frames=true
[Architectury Transformer DEBUG] Writing net/shiroha233/roadweaver/network/ClientNetBridge with maxs=true frames=true
[Architectury Transformer DEBUG] Writing net/shiroha233/roadweaver/network/MapSnapshotCodec with maxs=true frames=true
[Architectury Transformer DEBUG] Writing net/shiroha233/roadweaver/helpers/Records$RoadSpan with maxs=true frames=true
[Architectury Transformer DEBUG] Writing net/shiroha233/roadweaver/helpers/Records$RoadSegmentPlacement with maxs=true frames=true
[Architectury Transformer DEBUG] Writing net/shiroha233/roadweaver/helpers/Records$RoadData with maxs=true frames=true
[Architectury Transformer DEBUG] Writing net/shiroha233/roadweaver/helpers/Records$ConnectionStatus with maxs=true frames=true
[Architectury Transformer DEBUG] Writing net/shiroha233/roadweaver/helpers/Records$StructureInfo with maxs=true frames=true
[Architectury Transformer DEBUG] Writing net/shiroha233/roadweaver/helpers/StructureConnector with maxs=true frames=true
[Architectury Transformer DEBUG] Writing net/shiroha233/roadweaver/helpers/Records$SpanType with maxs=true frames=true
[Architectury Transformer DEBUG] Writing net/shiroha233/roadweaver/helpers/Records$WoodAssets with maxs=true frames=true
[Architectury Transformer DEBUG] Writing net/shiroha233/roadweaver/helpers/Records with maxs=true frames=true
[Architectury Transformer DEBUG] Writing net/shiroha233/roadweaver/helpers/Records$StructureLocationData with maxs=true frames=true
[Architectury Transformer DEBUG] Writing net/shiroha233/roadweaver/helpers/Records$StructureConnection with maxs=true frames=true
[Architectury Transformer DEBUG] Writing net/shiroha233/roadweaver/generation/RoadGenerationService with maxs=true frames=true
[Architectury Transformer DEBUG] Writing net/shiroha233/roadweaver/generation/InitialGenManager with maxs=true frames=true
[Architectury Transformer DEBUG] Writing net/shiroha233/roadweaver/generation/InitialGenManager$1 with maxs=true frames=true
[Architectury Transformer DEBUG] Writing net/shiroha233/roadweaver/features/RoadFeature with maxs=true frames=true
[Architectury Transformer DEBUG] Writing net/shiroha233/roadweaver/features/roadlogic/surface/HeightProfileService$HeightProfile with maxs=true frames=true
[Architectury Transformer DEBUG] Writing net/shiroha233/roadweaver/features/roadlogic/surface/BridgeTransitionAdjuster with maxs=true frames=true
[Architectury Transformer DEBUG] Writing net/shiroha233/roadweaver/features/roadlogic/surface/HeightProfileService with maxs=true frames=true
[Architectury Transformer DEBUG] Writing net/shiroha233/roadweaver/features/roadlogic/pathfinding/BasicAStarPathfinder with maxs=true frames=true
[Architectury Transformer DEBUG] Writing net/shiroha233/roadweaver/features/roadlogic/pathfinding/TerrainSamplingCache with maxs=true frames=true
[Architectury Transformer DEBUG] Writing net/shiroha233/roadweaver/features/roadlogic/pathfinding/PathPostProcessor with maxs=true frames=true
[Architectury Transformer DEBUG] Writing net/shiroha233/roadweaver/features/roadlogic/pathfinding/BidirectionalAStarPathfinder$Node with maxs=true frames=true
[Architectury Transformer DEBUG] Writing net/shiroha233/roadweaver/features/roadlogic/pathfinding/RoadPathCalculator with maxs=true frames=true
[Architectury Transformer DEBUG] Writing net/shiroha233/roadweaver/features/roadlogic/pathfinding/GradientDescentPathfinder$Node with maxs=true frames=true
[Architectury Transformer DEBUG] Writing net/shiroha233/roadweaver/features/roadlogic/pathfinding/BasicAStarPathfinder$Node with maxs=true frames=true
[Architectury Transformer DEBUG] Writing net/shiroha233/roadweaver/features/roadlogic/pathfinding/BidirectionalAStarPathfinder with maxs=true frames=true
[Architectury Transformer DEBUG] Writing net/shiroha233/roadweaver/features/roadlogic/pathfinding/PathPostProcessor$Vec2d with maxs=true frames=true
[Architectury Transformer DEBUG] Writing net/shiroha233/roadweaver/features/roadlogic/pathfinding/GradientDescentPathfinder with maxs=true frames=true
[Architectury Transformer DEBUG] Writing net/shiroha233/roadweaver/features/roadlogic/pathfinding/BidirectionalAStarPathfinder$Meet with maxs=true frames=true
[Architectury Transformer DEBUG] Writing net/shiroha233/roadweaver/features/roadlogic/core/Road with maxs=true frames=true
[Architectury Transformer DEBUG] Writing net/shiroha233/roadweaver/features/roadlogic/core/SegmentPaver with maxs=true frames=true
[Architectury Transformer DEBUG] Writing net/shiroha233/roadweaver/features/roadlogic/core/RoadDirection with maxs=true frames=true
[Architectury Transformer DEBUG] Writing net/shiroha233/roadweaver/features/roadlogic/bridge/BridgeRangeCalculator$RangeResult with maxs=true frames=true
[Architectury Transformer DEBUG] Writing net/shiroha233/roadweaver/features/roadlogic/bridge/BridgeSegmentPlanner with maxs=true frames=true
[Architectury Transformer DEBUG] Writing net/shiroha233/roadweaver/features/roadlogic/bridge/BridgeRangeCalculator with maxs=true frames=true
[Architectury Transformer DEBUG] Writing net/shiroha233/roadweaver/features/roadlogic/bridge/BridgeSegmentPlanner$Context with maxs=true frames=true
[Architectury Transformer DEBUG] Writing net/shiroha233/roadweaver/features/decoration/types/FenceWaypointDecoration with maxs=true frames=true
[Architectury Transformer DEBUG] Writing net/shiroha233/roadweaver/features/decoration/types/LanternPostDecoration with maxs=true frames=true
[Architectury Transformer DEBUG] Writing net/shiroha233/roadweaver/features/decoration/types/DistanceSignDecoration with maxs=true frames=true
[Architectury Transformer DEBUG] Writing net/shiroha233/roadweaver/features/decoration/types/LamppostDecoration with maxs=true frames=true
[Architectury Transformer DEBUG] Writing net/shiroha233/roadweaver/features/decoration/text/SignTextService with maxs=true frames=true
[Architectury Transformer DEBUG] Writing net/shiroha233/roadweaver/features/decoration/system/DecorationPlanner$Mode with maxs=true frames=true
[Architectury Transformer DEBUG] Writing net/shiroha233/roadweaver/features/decoration/system/DecorationExecutor with maxs=true frames=true
[Architectury Transformer DEBUG] Writing net/shiroha233/roadweaver/features/decoration/system/ArtificialDecorationSystem with maxs=true frames=true
[Architectury Transformer DEBUG] Writing net/shiroha233/roadweaver/features/decoration/system/RoadBlockPlacer with maxs=true frames=true
[Architectury Transformer DEBUG] Writing net/shiroha233/roadweaver/features/decoration/system/AboveColumnClearer with maxs=true frames=true
[Architectury Transformer DEBUG] Writing net/shiroha233/roadweaver/features/decoration/system/NaturalDecorationSystem with maxs=true frames=true
[Architectury Transformer DEBUG] Writing net/shiroha233/roadweaver/features/decoration/system/DecorationPlanner with maxs=true frames=true
[Architectury Transformer DEBUG] Writing net/shiroha233/roadweaver/features/decoration/system/SurfacePlacementUtil with maxs=true frames=true
[Architectury Transformer DEBUG] Writing net/shiroha233/roadweaver/features/decoration/system/PlacementRules with maxs=true frames=true
[Architectury Transformer DEBUG] Writing net/shiroha233/roadweaver/features/decoration/system/TreeRemovalUtil with maxs=true frames=true
[Architectury Transformer DEBUG] Writing net/shiroha233/roadweaver/features/decoration/material/wood/WoodTrapdoorMapper with maxs=true frames=true
[Architectury Transformer DEBUG] Writing net/shiroha233/roadweaver/features/decoration/material/wood/BiomeWoodAware with maxs=true frames=true
[Architectury Transformer DEBUG] Writing net/shiroha233/roadweaver/features/decoration/material/wood/WoodSelector with maxs=true frames=true
[Architectury Transformer DEBUG] Writing net/shiroha233/roadweaver/features/decoration/material/surface/BiomeRoadMaterialSelector with maxs=true frames=true
[Architectury Transformer DEBUG] Writing net/shiroha233/roadweaver/features/decoration/compat/RoadFeatureCompat with maxs=true frames=true
[Architectury Transformer DEBUG] Writing net/shiroha233/roadweaver/features/decoration/base/OrientedDecoration with maxs=true frames=true
[Architectury Transformer DEBUG] Writing net/shiroha233/roadweaver/features/decoration/base/OrientedDecoration$DirectionProperties with maxs=true frames=true
[Architectury Transformer DEBUG] Writing net/shiroha233/roadweaver/features/decoration/base/Decoration with maxs=true frames=true
[Architectury Transformer DEBUG] Writing net/shiroha233/roadweaver/features/config/RoadFeatureConfig with maxs=true frames=true
[Architectury Transformer DEBUG] Writing net/shiroha233/roadweaver/features/bridge/BridgeBuilder with maxs=true frames=true
[Architectury Transformer DEBUG] Writing net/shiroha233/roadweaver/config/ConfigService with maxs=true frames=true
[Architectury Transformer DEBUG] Writing net/shiroha233/roadweaver/config/ModConfig with maxs=true frames=true
[Architectury Transformer DEBUG] Writing net/shiroha233/roadweaver/config/ModConfig$PlanningAlgorithm with maxs=true frames=true
[Architectury Transformer DEBUG] Writing net/shiroha233/roadweaver/config/PresetService$PresetFile with maxs=true frames=true
[Architectury Transformer DEBUG] Writing net/shiroha233/roadweaver/config/PresetConfig with maxs=true frames=true
[Architectury Transformer DEBUG] Writing net/shiroha233/roadweaver/config/PresetService with maxs=true frames=true
[Architectury Transformer DEBUG] Writing net/shiroha233/roadweaver/config/ModConfig$PathfindingAlgorithm with maxs=true frames=true
[Architectury Transformer DEBUG] Writing net/shiroha233/roadweaver/config/PresetService$PresetDef with maxs=true frames=true
[Architectury Transformer DEBUG] Writing net/shiroha233/roadweaver/client/ConfigScreenFactory with maxs=true frames=true
[Architectury Transformer DEBUG] Writing net/shiroha233/roadweaver/client/tips/LoadingTipsRenderer with maxs=true frames=true
[Architectury Transformer DEBUG] Writing net/shiroha233/roadweaver/client/map/MapDataCollector with maxs=true frames=true
[Architectury Transformer DEBUG] Writing net/shiroha233/roadweaver/client/map/MapSnapshotCache with maxs=true frames=true
[Architectury Transformer DEBUG] Writing net/shiroha233/roadweaver/client/map/GridRenderer with maxs=true frames=true
[Architectury Transformer DEBUG] Writing net/shiroha233/roadweaver/client/map/MapRenderers with maxs=true frames=true
[Architectury Transformer DEBUG] Writing net/shiroha233/roadweaver/client/map/MapSnapshot with maxs=true frames=true
[Architectury Transformer DEBUG] Writing net/shiroha233/roadweaver/client/map/MapView with maxs=true frames=true
[Architectury Transformer DEBUG] Writing net/shiroha233/roadweaver/client/map/MapRenderers$SegmentInView with maxs=true frames=true
[Architectury Transformer DEBUG] Writing net/shiroha233/roadweaver/client/map/RoadMapScreen with maxs=true frames=true
[Architectury Transformer DEBUG] Writing net/shiroha233/roadweaver/client/map/MapContextMenu with maxs=true frames=true
[Architectury Transformer DEBUG] Writing net/shiroha233/roadweaver/client/map/MapInteraction with maxs=true frames=true
[Architectury Transformer DEBUG] Writing net/shiroha233/roadweaver/client/map/RenderUtils with maxs=true frames=true
[Architectury Transformer DEBUG] Writing net/shiroha233/roadweaver/client/map/MapRenderers$1 with maxs=true frames=true
[Architectury Transformer DEBUG] Writing net/shiroha233/roadweaver/client/map/ui/ContextMenu with maxs=true frames=true
[Architectury Transformer DEBUG] Writing net/shiroha233/roadweaver/client/map/ui/ContextMenu$Item with maxs=true frames=true
[Architectury Transformer DEBUG] Writing net/shiroha233/roadweaver/client/map/ui/SimpleTextInputScreen with maxs=true frames=true
[Architectury Transformer DEBUG] Writing net/shiroha233/roadweaver/client/map/data/ClientMapNotes with maxs=true frames=true
[Architectury Transformer DEBUG] Writing net/shiroha233/roadweaver/client/config/MaterialPresetEditorScreen$TargetList with maxs=true frames=true
[Architectury Transformer DEBUG] Writing net/shiroha233/roadweaver/client/config/MaterialPresetEditorScreen$UiPreset with maxs=true frames=true
[Architectury Transformer DEBUG] Writing net/shiroha233/roadweaver/client/config/MaterialPresetEditorScreen with maxs=true frames=true
[Architectury Transformer DEBUG] Writing net/shiroha233/roadweaver/api/RoadNetworkApi with maxs=true frames=true
[Architectury Transformer DEBUG] Injecting MixinConfigs into /META-INF/MANIFEST.MF
[Architectury Transformer DEBUG] Remapping refmap from intermediary to srg: roadweaver-common-common-refmap.json
[Architectury Transformer DEBUG] Closed File Systems for C:\Users\shiroha\Desktop\GITHUB\RoadWeaver\common\build\libs\roadweaver-common-2.0.4-1.20.1-BETA-transformProductionForge.jar
[Architectury Transformer] Transformed jar with 7 transformer(s) in 1.023 s
[Architectury Transformer DEBUG] Closed File Systems for C:\Users\shiroha\Desktop\GITHUB\RoadWeaver\common\build\libs\roadweaver-common-2.0.4-1.20.1-BETA.jar
